,S&P 500,S&P 500,S&P 500
Reported,Weekly,Weekly,Weekly
Date,High,Low,Close
9-11-87,321.98,313.56,321.98
9-18-87,323.08,314.86,314.86
9-25-87,321.19,310.54,320.16
10-2-87,328.07,321.69,328.07
10-9-87,328.08,311.07,311.07
10-16-87,314.52,282.70,282.70
10-23-87,258.39,224.84,248.22
10-30-87,251.79,227.67,251.79
11-6-87,255.75,248.31,250.41
11-13-87,248.52,239.00,245.64
11-20-87,246.76,240.05,242.00
11-27-87,246.39,240.34,240.34
12-4-87,233.45,223.92,223.92
12-11-87,238.89,228.76,235.32
12-18-87,249.16,242.19,249.16
12-24-87,253.16,249.54,252.02
12-31-87,247.86,244.59,247.08
1-8-88,261.07,243.40,243.40
1-15-88,252.05,245.42,252.05
1-22-88,251.88,242.63,246.50
1-29-88,257.07,249.38,257.07
2-5-88,255.57,250.96,250.96
2-12-88,257.63,249.10,257.63
2-19-88,261.61,257.91,261.61
2-26-88,265.64,261.58,262.46
3-4-88,267.98,267.22,267.30
3-11-88,269.43,263.84,264.94
3-18-88,271.22,266.13,271.12
3-25-88,268.91,258.51,258.51
4-1-88,260.07,258.06,258.89
4-8-88,269.43,256.09,269.43
4-15-88,271.55,259.75,259.77
4-22-88,260.14,256.13,260.14
4-29-88,263.93,261.33,261.33
5-6-88,263.00,257.48,257.48
5-13-88,257.62,253.31,256.78
5-20-88,258.71,251.35,253.02
5-27-88,254.63,250.83,253.42
6-3-88,266.69,262.16,266.45
6-10-88,271.52,265.17,271.26
6-17-88,274.44,269.77,270.68
6-24-88,275.66,268.94,273.78
7-1-88,273.50,269.07,271.78
7-8-88,275.80,270.02,270.02
7-15-88,272.05,267.77,272.05
7-22-88,270.51,263.50,263.50
7-29-88,272.02,262.50,272.02
8-5-88,272.98,271.15,271.15
8-12-88,269.98,261.90,262.55
8-19-88,261.03,258.69,260.24
8-26-88,261.13,256.98,259.68
9-2-88,264.48,258.35,264.48
9-9-88,266.84,265.59,266.84
9-16-88,270.65,266.47,270.65
9-23-88,270.16,268.82,269.76
9-30-88,272.59,268.26,271.91
10-7-88,278.07,270.62,278.07
10-14-88,278.24,273.98,275.50
10-21-88,283.66,276.41,283.66
10-28-88,282.38,277.28,278.53
11-4-88,279.20,276.31,276.31
11-11-88,275.15,267.92,267.92
11-18-88,268.34,263.82,266.47
11-25-88,269.00,266.22,267.23
12-2-88,273.70,268.64,271.81
12-9-88,278.13,274.93,277.03
12-16-88,276.52,274.28,276.29
12-23-88,278.91,276.87,277.87
12-30-88,279.40,276.83,277.72
1-6-89,280.67,275.31,280.67
1-13-89,283.87,280.38,283.87
1-20-89,286.90,283.55,286.63
1-27-89,293.82,284.50,293.82
2-3-89,297.47,294.99,296.97
2-10-89,299.63,292.02,292.02
2-17-89,296.76,291.81,296.76
2-24-89,295.98,287.13,287.13
3-3-89,291.18,287.11,291.18
3-10-89,294.81,292.88,292.88
3-17-89,299.44,292.69,292.69
3-23-89,291.33,288.98,288.98
3-31-89,294.87,290.57,294.87
4-7-89,297.16,295.29,297.16
4-14-89,301.36,297.11,301.36
4-21-89,309.61,301.72,309.61
4-28-89,309.64,306.75,309.64
5-5-89,309.12,307.61,307.61
5-12-89,313.84,305.19,313.84
5-19-89,321.24,315.28,321.24
5-26-89,321.98,318.32,321.59
6-2-89,325.52,319.05,325.52
6-9-89,326.95,322.03,326.69
6-16-89,326.24,320.08,321.35
6-23-89,328.00,320.48,328.00
6-30-89,328.44,317.98,317.98
7-7-89,324.91,319.23,324.91
7-14-89,331.84,327.07,331.84
7-21-89,335.90,331.35,335.90
7-28-89,342.15,333.67,342.15
8-4-89,346.08,343.75,343.92
8-11-89,349.41,344.74,344.74
8-18-89,346.03,343.06,346.03
8-25-89,351.52,340.67,350.52
9-1-89,353.73,349.84,353.73
9-8-89,352.56,348.35,348.76
9-15-89,348.70,343.16,345.06
9-22-89,347.05,345.70,347.05
9-29-89,349.15,344.23,349.15
10-6-89,358.78,350.87,358.78
10-13-89,359.80,333.65,333.65
10-20-89,347.16,341.16,347.16
10-27-89,344.83,335.06,335.06
11-3-89,341.20,335.07,337.62
11-10-89,339.10,332.61,339.10
11-17-89,341.61,337.99,341.61
11-22-89,343.97,339.35,343.97
12-1-89,350.63,343.60,350.63
12-8-89,351.41,347.59,348.69
12-15-89,352.75,348.56,350.14
12-22-89,347.42,342.46,347.42
12-29-89,353.40,346.81,353.40
1-5-90,359.69,352.20,352.20
1-12-90,353.79,339.93,339.93
1-19-90,340.75,337.00,339.15
1-26-90,331.61,325.80,325.80
2-2-90,330.92,322.98,330.92
2-9-90,333.75,329.66,333.62
2-16-90,334.89,330.08,332.72
2-23-90,327.99,324.15,324.15
3-2-90,335.54,328.67,335.54
3-9-90,340.27,333.74,337.93
3-16-90,341.91,336.00,341.91
3-23-90,343.53,335.65,337.22
3-30-90,342.00,337.63,339.94
4-6-90,343.64,338.70,340.08
4-12-90,344.34,341.37,344.34
4-20-90,344.74,335.12,335.12
4-27-90,332.92,329.11,329.11
5-4-90,338.39,330.80,338.39
5-11-90,352.00,340.53,352.00
5-18-90,354.75,354.00,354.64
5-25-90,359.29,354.58,354.58
6-1-90,363.16,360.65,363.16
6-8-90,367.40,358.71,358.71
6-15-90,366.25,361.63,362.91
6-22-90,360.47,355.43,355.43
6-29-90,358.02,352.06,358.02
7-6-90,360.16,355.68,358.42
7-13-90,367.31,356.49,367.31
7-20-90,368.95,361.61,361.61
7-27-90,357.09,353.44,353.44
8-3-90,356.15,344.86,344.86
8-10-90,339.94,334.43,335.52
8-17-90,340.06,327.83,327.83
8-24-90,328.51,307.06,311.51
8-31-90,324.19,318.71,322.56
9-7-90,324.39,320.46,323.40
9-14-90,322.54,316.83,316.83
9-21-90,318.60,311.32,311.32
9-28-90,308.26,300.97,306.05
10-5-90,315.21,311.40,311.50
10-12-90,313.48,295.46,300.03
10-19-90,312.48,298.76,312.48
10-26-90,314.76,304.71,304.71
11-2-90,311.85,301.88,311.85
11-9-90,314.59,306.01,313.74
11-16-90,320.40,317.02,317.12
11-21-90,319.34,315.10,316.03
11-30-90,322.22,316.42,322.22
12-7-90,329.92,324.10,327.75
12-14-90,330.19,326.44,326.82
12-21-90,331.75,326.02,331.75
12-28-90,330.85,328.29,328.72
1-4-91,330.22,321.00,321.00
1-11-91,315.44,311.49,315.23
1-18-91,332.23,312.49,332.23
1-25-91,336.07,328.31,336.07
2-1-91,343.93,335.84,343.05
2-8-91,359.35,343.05,359.35
2-15-91,369.06,359.35,369.06
2-22-91,369.39,365.14,365.65
3-1-91,370.42,362.81,370.42
3-8-91,376.72,369.33,374.95
3-15-91,374.57,370.03,373.59
3-22-91,372.11,366.58,367.48
3-29-91,376.30,369.83,375.22
4-5-91,379.77,371.30,375.36
4-12-91,380.40,373.15,380.40
4-19-91,390.45,381.19,384.20
4-26-91,382.76,379.02,379.02
5-3-91,380.80,373.66,380.80
5-10-91,383.25,375.74,375.74
5-17-91,376.76,368.57,372.39
5-24-91,377.49,372.28,377.49
5-31-91,389.83,381.94,389.83
6-7-91,388.06,383.63,379.43
6-14-91,382.29,376.65,382.29
6-21-91,380.13,375.09,377.75
6-28-91,374.40,370.65,371.16
7-3-91,377.92,373.33,374.08
7-12-91,380.25,375.74,380.25
7-19-91,385.83,380.25,384.22
7-26-91,384.86,378.15,380.93
8-2-91,389.56,380.45,387.18
8-9-91,391.80,384.29,387.12
8-16-91,391.92,382.59,385.58
8-23-91,395.34,374.09,394.17
8-30-91,396.82,391.77,395.43
9-6-91,397.62,387.36,389.10
9-13-91,389.34,382.85,383.59
9-20-91,389.42,382.77,387.92
9-27-91,389.09,384.46,385.90
10-4-91,390.03,381.24,381.24
10-11-91,381.46,376.11,381.45
10-18-91,393.81,381.45,392.50
10-25-91,392.50,382.97,384.20
11-1-91,395.10,384.20,391.32
11-8-91,396.43,388.09,392.89
11-15-91,398.22,382.62,382.62
11-22-91,385.40,374.52,376.14
11-27-91,378.11,375.22,376.55
12-6-91,382.39,375.41,379.10
12-13-91,385.04,374.78,384.47
12-20-91,388.24,380.64,387.04
12-27-91,406.58,386.96,406.46
1-3-92,419.79,406.46,419.34
1-10-92,420.50,413.31,415.10
1-17-92,420.77,414.34,418.86
1-24-92,418.13,412.64,415.48
1-31-92,410.34,414.99,408.79
2-7-92,413.85,409.53,411.09
2-14-92,417.13,413.69,412.48
2-21-92,413.90,407.38,411.46
2-28-92,416.07,408.02,412.70
3-6-92,413.78,403.65,404.44
3-13-92,409.16,404.72,405.84
3-20-92,411.30,406.39,411.30
3-27-92,409.91,403.50,403.50
4-3-92,404.23,400.50,401.55
4-10-92,405.59,394.50,404.29
4-17-92,416.28,406.08,416.05
4-24-92,411.60,409.81,409.02
5-1-92,414.95,408.45,412.53
5-8-92,416.91,415.85,416.05
5-15-92,418.49,410.09,410.09
5-22-92,416.37,412.60,414.02
5-29-92,416.74,411.41,415.35
6-5-92,417.30,413.26,413.48
6-12-92,413.36,406.64,409.76
6-19-92,410.29,400.96,403.67
6-26-92,404.04,403.12,403.45
7-2-92,412.88,408.14,411.77
7-9-92,414.62,409.16,414.62
7-17-92,417.81,412.96,415.62
7-24-92,415.62,409.94,411.60
7-31-92,424.80,411.27,424.21
8-5-92,424.36,421.92,422.19
8-14-92,423.45,416.40,419.91
8-21-92,421.89,413.58,414.85
8-28-92,414.95,408.30,414.84
9-4-92,420.31,413.35,417.08
9-11-92,420.58,414.30,419.58
9-18-92,425.27,417.77,422.93
9-25-92,422.93,412.71,414.35
10-2-92,418.67,410.45,410.47
10-9-92,407.75,402.42,402.66
10-16-92,411.73,407.43,411.73
10-23-92,417.98,407.43,414.10
10-30-92,421.16,413.70,418.68
11-6-92,422.81,415.58,417.58
11-13-92,423.10,416.79,422.43
11-20-92,426.98,418.31,426.65
11-25-92,429.41,422.50,429.19
12-4-92,432.89,428.61,432.06
12-11-92,436.99,432.06,433.73
12-18-92,441.29,430.88,441.28
12-24-92,441.64,438.25,439.77
1-1-93,442.65,435.71,435.71
1-8-93,437.32,426.88,429.05
1-15-93,439.49,428.19,437.15
1-22-93,437.82,432.48,436.11
1-29-93,442.66,436.11,438.78
2-5-93,449.86,438.78,448.93
2-12-93,450.04,444.24,444.58
2-19-93,444.58,428.25,434.22
2-26-93,443.77,432.41,443.38
3-5-93,450.00,441.07,446.11
3-12-93,456.33,447.04,449.83
3-19-93,453.32,447.99,450.18
3-26-93,452.09,446.08,447.78
4-2-93,454.88,440.71,441.39
4-9-93,443.77,439.48,441.84
4-16-93,450.40,441.84,448.94
4-23-93,449.39,436.82,437.17
4-30-93,442.29,432.30,440.19
5-7-93,446.09,438.25,442.31
5-14-93,445.42,438.10,439.56
5-21-93,450.59,436.83,445.84
5-28-93,454.55,444.89,450.19
6-4-93,455.63,448.92,450.06
6-11-93,452.49,444.09,447.26
6-18-93,448.98,443.61,443.68
6-25-93,448.64,443.19,447.60
7-2-93,451.90,445.20,445.84
7-9-93,448.96,441.40,448.13
7-16-93,451.12,445.66,445.75
7-23-93,449.22,443.71,447.10
7-30-93,450.77,444.51,448.13
8-6-93,450.43,446.94,448.68
8-13-93,451.63,447.53,450.14
8-20-93,456.99,448.96,456.16
8-27-93,461.04,454.29,460.54
9-3-93,463.80,459.19,461.34
9-10-93,462.07,453.75,461.72
9-17-93,463.38,456.31,458.83
9-24-93,459.91,449.64,457.63
10-1-93,462.17,456.92,461.29
10-8-93,463.15,456.40,460.31
10-15-93,471.10,456.40,469.50
10-22-93,471.10,463.27,463.27
10-29-93,468.76,462.05,467.83
11-4-93,469.11,454.36,459.57
11-11-93,465.84,454.36,465.39
11-18-93,467.24,460.03,462.60
11-24-93,462.90,457.08,462.36
12-2-93,464.89,460.45,464.89
12-9-93,466.89,462.66,463.93
12-16-93,466.38,461.84,466.38
12-23-93,468.97,463.34,467.38
12-30-93,471.29,466.45,466.45
1-6-94,470.26,464.36,469.90
1-13-94,475.32,467.03,474.91
1-20-94,475.56,472.21,474.72
1-27-94,479.75,470.27,478.70
2-3-94,482.85,469.28,469.81
2-10-94,473.13,466.89,470.18
2-17-94,475.13,466.07,467.69
2-24-94,472.41,464.26,466.07
3-3-94,469.16,457.67,464.74
3-10-94,468.07,462.46,466.44
3-17-94,471.09,465.48,471.06
3-24-94,471.06,460.58,460.58
3-31-94,465.29,436.16,445.77
4-7-94,451.10,435.86,447.10
4-14-94,450.89,442.62,446.18
4-21-94,449.96,438.83,447.63
4-28-94,452.79,447.58,450.91
5-5-94,453.98,445.64,447.82
5-12-94,447.82,440.78,444.14
5-19-94,456.88,443.62,454.92
5-26-94,457.77,451.79,457.33
6-2-94,460.86,453.99,460.13
6-9-94,461.87,455.43,458.67
6-16-94,463.23,457.18,458.45
6-23-94,458.45,442.51,442.80
6-30-94,449.83,439.83,446.20
7-7-94,449.75,444.18,449.55
7-14-94,454.33,444.65,454.16
7-21-94,455.71,450.69,453.11
7-28-94,459.33,451.36,458.26
8-4-94,462.77,456.08,457.09
8-11-94,462.27,456.66,461.94
8-18-94,465.91,459.89,463.68
8-25-94,474.65,461.46,473.80
9-1-94,477.59,470.67,470.99
9-8-94,473.40,466.55,468.18
9-15-94,474.81,466.15,471.19
9-22-94,473.15,458.47,459.67
9-29-94,464.84,459.01,462.69
10-6-94,463.31,449.27,455.10
10-13-94,471.30,455.10,469.10
10-20-94,471.43,463.83,464.89
10-27-94,473.78,458.26,473.77
11-3-94,474.74,462.28,462.28
11-10-94,469.95,461.25,462.35
11-17-94,468.51,460.25,461.47
11-23-94,466.25,444.18,449.93
11-30-94,457.13,447.97,453.30
12-8-94,455.04,442.88,446.96
12-15-94,458.80,445.62,458.80
12-22-94,461.70,455.34,459.67
12-29-94,462.73,459.00,459.27
1-5-95,462.49,457.20,460.68
1-12-95,466.43,459.74,465.97
1-19-95,470.43,463.99,464.78
1-26-95,471.36,464.40,470.39
2-2-95,479.91,467.49,478.64
2-9-95,482.60,478.36,481.46
2-16-95,485.54,480.89,481.97
2-23-95,489.19,481.97,488.11
3-2-95,488.11,483.07,485.42
3-9-95,490.37,479.70,489.57
3-16-95,496.67,489.35,495.52
3-23-95,500.97,493.67,500.97
3-30-95,508.15,495.70,500.71
4-6-95,507.19,500.20,506.42
4-13-95,509.83,503.59,509.23
4-20-95,508.49,501.19,508.49
4-27-95,515.29,507.44,514.71
5-4-95,525.40,513.03,520.12
5-11-95,527.05,519.14,525.55
5-18-95,529.08,517.07,519.19
5-25-95,531.91,519.19,523.65
6-1-95,536.91,521.38,532.51
6-8-95,537.73,526.00,527.94
6-15-95,539.98,527.94,539.83
6-22-95,551.07,539.83,549.71
6-29-95,549.79,540.79,544.75
7-6-95,556.37,544.43,556.37
7-13-95,562.00,553.80,559.89
7-20-95,562.72,550.98,553.62
7-27-95,565.40,553.62,562.93
8-3-95,565.62,554.10,558.94
8-10-95,561.59,553.04,555.11
8-17-95,561.24,554.76,559.21
8-24-95,563.34,555.20,560.10
8-31-95,564.62,555.71,563.84
9-7-95,572.68,563.84,572.68
9-14-95,585.07,572.68,583.35
9-21-95,586.79,578.25,581.73
9-28-95,587.61,574.68,584.41
10-5-95,585.05,578.48,582.49
10-12-95,587.39,571.55,584.50
10-19-95,590.66,581.90,587.46
10-26-95,587.46,572.53,579.70
11-2-95,590.57,579.70,590.57
11-9-95,593.90,584.24,592.72
11-16-95,600.14,588.36,600.07
11-22-95,600.71,595.42,598.40
11-30-95,608.69,599.02,606.98
12-7-95,621.11,606.85,617.48
12-14-95,621.69,616.34,616.34
12-21-95,616.34,605.05,611.96
12-28-95,615.93,611.96,615.93
1-4-96,624.52,612.02,616.71
1-18-96,612.92,598.47,611.83
1-25-96,621.62,610.65,621.62
2-1-96,639.26,621.42,635.84
2-8-96,656.37,641.43,656.37
2-15-96,664.23,646.99,647.98
2-22-96,663.00,638.79,659.08
2-29-96,659.08,635.00,644.37
3-7-96,656.97,627.63,633.50
3-14-96,641.43,637.09,641.43
3-21-96,656.18,641.43,650.62
3-28-96,652.97,645.50,645.50
4-4-96,656.68,645.50,655.86
4-11-96,655.86,624.14,636.71
4-18-96,647.32,631.18,645.07
4-25-96,656.43,643.61,653.46
5-2-96,656.44,640.23,641.63
5-9-96,652.09,638.26,652.09
5-16-96,669.84,645.44,668.91
5-23-96,681.10,667.64,678.51
5-30-96,679.98,664.56,669.12
6-6-96,680.32,662.48,673.31
6-13-96,676.72,664.35,665.85
6-20-96,668.27,661.34,666.84
6-27-96,672.68,661.56,670.63
7-3-96,675.88,670.21,672.40
7-11-96,657.65,639.52,646.19
7-18-96,646.19,605.88,638.73
7-25-96,638.73,616.43,635.90
8-1-96,662.49,629.22,662.49
8-8-96,665.37,656.83,662.10
8-15-96,666.34,658.47,665.21
8-22-96,670.68,662.16,667.03
8-29-96,670.68,650.52,651.99
9-5-96,658.21,643.97,655.68
9-12-96,681.39,655.68,680.54
9-19-96,687.07,679.06,687.03
9-26-96,690.88,681.01,686.19
10-3-96,701.74,686.03,701.46
10-10-96,705.76,693.34,700.66
10-17-96,711.04,699.07,710.82
10-24-96,714.10,700.53,700.92
10-31-96,708.60,696.22,703.77
11-7-96,730.82,702.84,730.82
11-14-96,741.92,728.03,737.62
11-21-96,748.73,737.02,748.73
11-27-96,762.12,741.08,755.00
12-5-96,761.75,726.98,739.60
12-12-96,753.43,718.98,728.64
12-19-96,755.41,716.69,748.87
12-26-96,756.79,746.92,756.79
1-2-97,753.85,737.01,748.03
1-9-97,759.65,742.18,759.50
1-16-97,776.17,759.51,776.17
1-23-97,794.67,768.17,770.52
1-30-97,791.86,761.75,786.16
2-6-97,789.72,773.43,789.56
2-13-97,812.93,780.95,808.48
2-20-97,817.68,799.99,801.77
2-27-97,812.85,788.50,790.82
3-6-97,808.19,785.66,804.97
3-13-97,814.90,789.44,793.17
3-20-97,797.18,786.29,784.10
3-27-97,790.89,773.88,773.88
4-3-97,759.64,750.32,757.90
4-10-97,769.53,737.64,737.65
4-17-97,768.55,733.54,766.34
4-24-97,779.89,756.38,765.37
5-1-97,812.99,763.30,812.97
5-8-97,832.29,811.80,824.78
5-15-97,842.45,824.78,829.75
5-22-97,848.49,826.41,847.03
5-29-97,851.87,831.87,848.28
6-5-97,859.24,838.82,858.01
6-12-97,894.69,858.01,893.27
6-19-97,901.77,886.19,898.70
6-26-97,902.09,878.43,887.30
7-3-97,917.82,879.82,916.92
7-10-97,923.26,902.48,916.68
7-17-97,939.32,912.02,915.30
7-24-97,945.65,907.12,938.79
7-31-97,955.35,932.56,947.14
8-7-97,964.17,925.74,933.54
8-14-97,942.99,900.81,900.81
8-21-97,939.47,905.52,923.55
8-28-97,920.16,899.47,899.47
9-4-97,940.37,899.47,929.05
9-11-97,938.90,902.56,923.91
9-18-97,952.35,919.41,950.51
9-25-97,960.59,937.38,945.22
10-2-97,975.47,941.94,965.03
10-9-97,983.12,963.34,966.98
10-16-97,973.46,931.58,944.16
10-23-97,972.61,937.55,941.64
10-30-97,941.64,855.27,914.62
11-6-97,949.62,914.62,927.51
11-13-97,935.90,900.16,928.35
11-20-97,963.09,938.23,963.09
11-26-97,963.09,944.71,955.40
12-4-97,986.25,966.16,983.79
12-11-97,985.67,947.00,953.39
12-18-97,974.30,924.92,946.78
12-24-97,956.73,932.70,936.46
12-31-97,975.02,936.46,975.04
1-8-98,982.63,921.72,927.69
1-16-98,965.12,912.83,961.51
1-23-98,978.60,950.86,957.59
1-30-98,992.65,954.24,980.28
2-5-98,"1,013.51",980.28,"1,012.46"
2-12-98,"1,026.30","1,006.28","1,020.09"
2-19-98,"1,034.21","1,020.09","1,034.21"
2-26-98,"1,051.66","1,028.89","1,049.34"
3-5-98,"1,055.69","1,044.70","1,055.69"
3-12-98,"1,075.86","1,050.02","1,068.61"
3-19-98,"1,101.04","1,068.61","1,099.16"
3-26-98,"1,113.07","1,090.02","1,093.55"
4-2-98,"1,090.02","1,110.13","1,108.15"
4-9-98,"1,131.99","1,098.21","1,110.67"
4-16-98,"1,122.72","1,100.60","1,122.72"
4-23-98,"1,132.98","1,104.77","1,107.90"
4-30-98,"1,121.02","1,076.70","1,121.00"
5-7-98,"1,130.52","1,094.53","1,108.14"
5-14-98,"1,124.03","1,102.78","1,108.73"
5-21-98,"1,124.45","1,097.99","1,110.47"
5-28-98,"1,116.79","1,074.39","1,090.82"
6-4-98,"1,113.88","1,078.10","1,113.86"
6-11-98,"1,126.00","1,080.83","1,098.84"
6-18-98,"1,112.87","1,074.67","1,100.65"
6-25-98,"1,142.04","1,099.42","1,133.20"
7-2-98,"1,148.56","1,131.91","1,146.42"
7-9-98,"1,166.93","1,145.03","1,164.33"
7-16-98,"1,188.10","1,160.21","1,186.75"
7-23-98,"1,190.58","1,129.11","1,140.80"
7-30-98,"1,147.27","1,114.30","1,120.67"
8-6-98,"1,121.79","1,057.35","1,089.45"
8-13-98,"1,092.82","1,054.00","1,062.75"
8-20-98,"1,106.32","1,054.92","1,081.24"
8-27-98,"1,106.64","1,021.04","1,027.04"
9-3-98,"1,033.47",939.98,973.89
9-10-98,"1,027.72",968.64,"1,009.06"
9-17-98,"1,046.07","1,009.06","1,020.09"
9-24-98,"1,066.11",993.82,"1,044.75"
10-1-98,"1,061.46",971.65,"1,002.60"
10-8-98,"1,008.77",923.32,984.39
10-15-98,"1,062.65",984.39,"1,056.42"
10-22-98,"1,084.06","1,054.23","1,070.67"
10-29-98,"1,103.78","1,059.66","1,098.67"
11-5-98,"1,141.30","1,098.67","1,141.01"
11-12-98,"1,141.01","1,115.55","1,125.72"
11-19-98,"1,163.55","1,125.72","1,163.55"
11-25-98,"1,192.97","1,163.55","1,192.33"
12-3-98,"1,192.72","1,150.14","1,176.74"
12-10-98,"1,193.53","1,153.19","1,166.46"
12-17-98,"1,188.89","1,136.89","1,188.03"
12-23-98,"1,229.89","1,188.03","1,226.27"
12-31-98,"1,244.93","1,200.78","1,229.23"
1-7-99,"1,278.24","1,219.10","1,275.09"
1-14-99,"1,276.22","1,205.46","1,243.26"
1-21-99,"1,274.07","1,217.97","1,225.19"
1-28-99,"1,280.37","1,219.40","1,279.64"
2-4-99,"1,283.75","1,232.28","1,239.40"
2-11-99,"1,254.05","1,211.89","1,230.13"
2-18-99,"1,252.17","1,220.70","1,239.22"
2-25-99,"1,283.84","1,225.01","1,238.33"
3-4-99,"1,275.73","1,216.03","1,275.47"
3-11-99,"1,306.43","1,271.58","1,294.59"
3-18-99,"1,323.82","1,291.03","1,299.29"
3-25-99,"1,303.84","1,256.43","1,282.80"
4-1-99,"1,313.60","1,282.56","1,293.72"
4-8-99,"1,351.22","1,293.72","1,348.35"
4-15-99,"1,362.10","1,308.38","1,319.00"
4-22-99,"1,363.65","1,284.21","1,356.85"
4-29-99,"1,371.56","1,314.58","1,335.18"
5-6-99,"1,354.64","1,317.44","1,345.00"
5-13-99,"1,375.98","1,332.63","1,337.80"
5-20-99,"1,350.49","1,321.19","1,330.29"
5-27-99,"1,333.02","1,277.31","1,301.84"
6-3-99,"1,327.75","1,277.47","1,327.75"
6-10-99,"1,336.42","1,287.88","1,293.64"
6-17-99,"1,344.48","1,292.20","1,342.84"
6-24-99,"1,351.12","1,308.47","1,315.31"
7-1-99,"1,391.22","1,315.31","1,391.22"
7-8-99,"1,405.29","1,384.95","1,403.28"
7-15-99,"1,418.78","1,386.51","1,418.78"
7-22-99,"1,420.33","1,349.91","1,356.94"
7-29-99,"1,370.39","1,328.49","1,328.72"
8-5-99,"1,344.69","1,287.23","1,300.29"
8-12-99,"1,327.72","1,267.73","1,327.68"
8-19-99,"1,344.16","1,315.35","1,336.61"
8-26-99,"1,382.84","1,336.61","1,348.27"
9-2-99,"1,357.74","1,304.88","1,357.24"
9-9-99,"1,361.35","1,333.94","1,351.66"
9-16-99,"1,351.66","1,317.97","1,335.42"
9-23-99,"1,338.38","1,263.84","1,277.36"
9-30-99,"1,295.03","1,256.26","1,282.81"
10-7-99,"1,336.61","1,282.81","1,336.02"
10-14-99,"1,344.26","1,245.44","1,247.41"
10-21-99,"1,303.81","1,233.70","1,301.65"
10-28-99,"1,373.17","1,280.48","1,362.93"
11-4-99,"1,387.48","1,346.41","1,370.23"
11-11-99,"1,396.12","1,359.98","1,396.06"
11-18-99,"1,425.31","1,392.28","1,422.00"
11-24-99,"1,425.25","1,399.18","1,416.62"
12-2-99,"1,447.54","1,386.95","1,433.30"
12-9-99,"1,434.19","1,391.47","1,417.04"
12-16-99,"1,431.13","1,396.20","1,421.03"
12-23-99,"1,461.44","1,410.97","1,458.34"
12-30-99,"1,473.10","1,450.83","1,469.25"
1-6-00,"1,478.00","1,377.68","1,441.47"
1-13-00,"1,473.00","1,427.08","1,465.15"
1-20-00,"1,465.71","1,438.54","1,441.36"
1-27-00,"1,454.09","1,356.20","1,360.16"
2-3-00,"1,435.91","1,350.14","1,424.37"
2-10-00,"1,444.55","1,378.89","1,387.12"
2-17-00,"1,407.72","1,345.32","1,346.09"
2-24-00,"1,370.11","1,329.15","1,333.36"
3-2-00,"1,410.88","1,325.07","1,409.17"
3-8-00,"1,413.46","1,346.62","1,395.07"
3-16-00,"1,477.33","1,356.99","1,464.47"
3-23-00,"1,552.87","1,446.06","1,527.46"
3-30-00,"1,534.63","1,474.63","1,498.58"
4-6-00,"1,526.45","1,416.41","1,516.35"
4-13-00,"1,527.19","1,339.40","1,356.56"
4-20-00,"1,447.69","1,346.50","1,434.54"
4-27-00,"1,482.94","1,407.13","1,452.43"
5-4-00,"1,481.51","1,398.36","1,432.63"
5-11-00,"1,432.63","1,375.14","1,420.96"
5-18-00,"1,470.40","1,401.74","1,406.95"
5-25-00,"1,411.65","1,361.09","1,378.02"
6-1-00,"1,483.23","1,378.02","1,477.26"
6-8-00,"1,477.28","1,454.74","1,456.95"
6-15-00,"1,483.62","1,442.38","1,464.46"
6-22-00,"1,488.93","1,438.31","1,441.48"
7-6-00,"1,467.63","1,434.63","1,454.60"
7-13-00,"1,484.12","1,439.56","1,478.90"
7-20-00,"1,509.99","1,470.48","1,509.98"
7-27-00,"1,517.32","1,477.91","1,480.19"
8-3-00,"1,485.88","1,413.89","1,419.89"
8-10-00,"1,462.93","1,418.71","1,462.93"
8-17-00,"1,490.33","1,453.06","1,471.84"
8-23-00,"1,499.47","1,468.56","1,491.72"
8-31-00,"1,513.47","1,489.52","1,506.45"
9-7-00,"1,530.09","1,500.09","1,520.77"
9-14-00,"1,520.77","1,489.88","1,494.50"
9-21-00,"1,506.76","1,460.22","1,465.81"
9-28-00,"1,467.77","1,421.88","1,448.72"
10-5-00,"1,461.69","1,419.44","1,436.51"
10-12-00,"1,454.82","1,397.06","1,408.99"
10-19-00,"1,409.69","1,327.08","1,374.17"
10-26-00,"1,408.47","1,305.79","1,396.93"
11-2-00,"1,415.64","1,337.81","1,379.58"
11-9-00,"1,433.40","1,376.86","1,426.69"
11-16-00,"1,438.46","1,365.97","1,365.98"
11-23-00,"1,395.96","1,328.62","1,367.72"
11-30-00,"1,367.72","1,321.89","1,341.77"
12-7-00,"1,362.50","1,294.90","1,315.23"
12-14-00,"1,380.33","1,310.23","1,369.89"
12-21-00,"1,389.05","1,305.38","1,312.15"
12-28-00,"1,346.44","1,254.07","1,305.95"
1-4-01,"1,340.10","1,301.64","1,320.28"
1-11-01,"1,350.24","1,274.62","1,298.35"
1-18-01,"1,333.21","1,276.29","1,318.55"
1-25-01,"1,354.55","1,313.33","1,342.54"
2-1-01,"1,369.75","1,333.84","1,354.95"
2-8-01,"1,383.37","1,348.72","1,349.47"
2-15-01,"1,363.55","1,309.98","1,314.76"
2-22-01,"1,336.62","1,293.18","1,301.53"
3-1-01,"1,272.76","1,214.50","1,234.18"
3-8-01,"1,267.42","1,228.42","1,233.42"
3-15-01,"1,233.42","1,148.64","1,150.53"
3-22-01,"1,180.56","1,081.19","1,139.83"
3-29-01,"1,183.35","1,136.26","1,160.33"
4-5-01,"1,169.51","1,091.99","1,128.43"
4-12-01,"1,183.51","1,126.38","1,183.50"
4-19-01,"1,253.71","1,167.38","1,242.98"
4-26-01,"1,253.07","1,207.38","1,253.05"
5-3-01,"1,272.93","1,232.00","1,266.61"
5-10-01,"1,270.00","1,240.79","1,245.67"
5-17-01,"1,296.48","1,241.02","1,291.96"
5-24-01,"1,315.93","1,276.42","1,277.89"
5-31-01,"1,278.42","1,245.96","1,260.67"
6-7-01,"1,286.62","1,256.36","1,264.96"
6-14-01,"1,264.96","1,203.03","1,214.36"
6-21-01,"1,240.24","1,207.71","1,225.35"
6-28-01,"1,237.29","1,204.64","1,224.38"
7-5-01,"1,239.78","1,188.74","1,190.59"
7-12-01,"1,218.54","1,168.46","1,215.68"
7-19-01,"1,225.04","1,196.14","1,210.85"
7-26-01,"1,215.22","1,165.54","1,205.82"
8-2-01,"1,226.27","1,200.41","1,214.35"
8-9-01,"1,214.35","1,169.55","1,190.16"
8-16-01,"1,198.79","1,156.07","1,161.97"
8-23-01,"1,185.15","1,153.34","1,184.93"
8-30-01,"1,186.85","1,124.87","1,133.58"
9-6-01,"1,155.40","1,082.12","1,085.78"
9-13-01,"1,092.54","1,073.15","1,092.54"
9-20-01,"1,092.54",944.75,965.80
9-27-01,"1,040.94",965.80,"1,040.94"
10-4-01,"1,084.12","1,026.76","1,071.38"
10-11-01,"1,099.16","1,052.76","1,091.65"
10-18-01,"1,107.12","1,057.24","1,073.48"
10-25-01,"1,110.61","1,065.64","1,104.61"
11-1-01,"1,104.61","1,053.61","1,087.20"
11-8-01,"1,135.75","1,087.20","1,120.31"
11-15-01,"1,148.28","1,098.32","1,138.65"
11-22-01,"1,152.45","1,129.78","1,150.34"
11-29-01,"1,163.38","1,125.51","1,139.45"
12-6-01,"1,173.62","1,125.78","1,158.31"
12-13-01,"1,158.31","1,114.53","1,123.09"
12-20-01,"1,152.44","1,122.66","1,144.89"
12-27-01,"1,164.64","1,144.62","1,161.02"
1-3-02,"1,176.55","1,136.23","1,172.51"
1-10-02,"1,176.97","1,145.45","1,145.60"
1-17-02,"1,148.81","1,124.45","1,127.58"
1-24-02,"1,139.50","1,117.43","1,133.28"
1-31-02,"1,138.63","1,081.66","1,122.20"
2-7-02,"1,122.20","1,077.78","1,096.22"
2-14-02,"1,124.72","1,094.68","1,104.18"
2-21-02,"1,104.18","1,074.36","1,089.84"
2-28-02,"1,131.79","1,089.84","1,131.78"
3-7-02,"1,172.76","1,130.93","1,164.31"
3-14-02,"1,173.03","1,151.01","1,154.09"
3-21-02,"1,173.94","1,151.61","1,151.85"
3-28-02,"1,151.04","1,131.61","1,144.58"
4-4-02,"1,147.84","1,119.68","1,125.40"
4-11-02,"1,131.76","1,111.79","1,130.47"
4-18-02,"1,133.00","1,099.41","1,126.07"
4-25-02,"1,125.17","1,092.51","1,093.14"
5-2-02,"1,088.32","1,063.46","1,086.46"
5-9-02,"1,088.92","1,048.96","1,088.85"
5-16-02,"1,104.23","1,053.90","1,091.07"
5-23-02,"1,106.59","1,075.64","1,086.02"
5-29-02,"1,085.98","1,067.66","1,067.66"
6-6-02,"1,070.74","1,030.52","1,049.90"
6-13-02,"1,039.04","1,002.58","1,020.26"
6-20-02,"1,040.83","1,007.27","1,019.99"
6-27-02,"1,005.88",952.92,973.53
7-3-02,994.46,934.87,989.03
7-11-02,993.56,920.29,920.47
7-18-02,926.52,876.46,906.04
7-25-02,854.13,775.68,843.43
8-1-02,911.64,852.84,911.62
8-8-02,878.74,833.44,876.77
8-15-02,920.21,876.20,919.62
8-22-02,951.59,927.21,949.36
8-29-02,955.82,913.21,917.87
9-5-02,916.07,875.73,893.40
9-12-02,924.02,882.92,909.45
9-19-02,902.68,839.09,845.39
9-26-02,845.39,817.38,839.66
10-3-02,851.93,800.20,827.91
10-10-02,808.86,775.80,776.76
10-17-02,881.27,828.37,860.02
10-24-02,900.69,873.06,896.14
10-31-02,907.44,867.91,890.71
11-7-02,925.66,900.96,923.76
11-14-02,894.74,872.05,882.53
11-21-02,915.91,893.09,914.15
11-28-02,941.82,912.10,936.31
12-5-02,954.28,927.72,934.53
12-12-02,912.23,891.97,904.96
12-19-02,911.22,887.82,891.12
12-26-02,902.43,892.26,897.38
1-2-03,882.10,869.45,879.82
1-9-03,931.77,908.32,909.93
1-16-03,935.05,916.70,918.22
1-23-03,906.00,877.64,878.36
1-30-03,868.72,844.25,864.36
2-6-03,864.64,840.19,843.59
2-13-03,843.02,818.49,818.68
2-20-03,852.87,834.89,845.13
2-27-03,848.17,818.54,827.55
3-6-03,852.34,819.00,829.85
3-13-03,828.89,788.90,804.19
3-20-03,874.99,827.17,874.02
3-27-03,895.79,862.02,869.95
4-3-03,884.57,843.68,880.90
4-10-03,904.89,865.72,865.99
4-17-03,896.77,877.93,879.91
4-24-03,919.74,886.70,919.02
5-1-03,924.24,898.81,916.92
5-8-03,939.61,924.55,934.39
5-15-03,947.51,929.30,942.30
5-22-03,944.30,912.05,923.42
5-29-03,965.38,927.33,963.59
6-5-03,987.85,963.59,986.24
6-12-03,997.48,972.59,997.48
6-19-03,"1,015.33",988.61,"1,010.09"
6-26-03,995.69,973.80,976.22
7-3-03,995.00,962.10,985.70
7-10-03,"1,010.43",983.63,998.14
7-17-03,"1,015.41",978.60,993.32
7-24-03,998.89,975.63,998.68
7-31-03,"1,004.59",978.86,980.15
8-7-03,985.75,960.84,977.59
8-14-03,992.50,974.21,990.67
8-21-03,"1,011.01",990.67,993.06
8-28-03,"1,008.85",983.57,"1,008.01"
9-4-03,"1,029.34","1,005.73","1,021.39"
9-11-03,"1,032.41","1,007.71","1,018.63"
9-18-03,"1,040.29","1,013.59","1,036.30"
9-25-03,"1,036.30",996.08,996.85
10-2-03,"1,039.31",990.36,"1,029.85"
10-9-03,"1,048.28","1,026.27","1,038.06"
10-16-03,"1,053.79","1,038.06","1,046.76"
10-23-03,"1,048.57","1,028.39","1,030.36"
10-30-03,"1,049.83","1,028.91","1,048.11"
11-6-03,"1,061.44","1,044.88","1,051.81"
11-13-03,"1,059.10","1,043.46","1,058.53"
11-20-03,"1,050.35","1,034.00","1,042.44"
11-27-03,"1,060.63","1,035.28","1,058.20"
12-4-03,"1,074.30","1,058.20","1,064.73"
12-11-03,"1,074.76","1,053.41","1,074.14"
12-18-03,"1,082.79","1,068.00","1,076.48"
12-26-03,"1,098.47","1,086.14","1,095.89"
1-1-04,"1,118.85","1,105.08","1,108.48"
1-8-04,"1,126.33","1,108.48","1,126.33"
1-15-04,"1,130.75","1,115.19","1,130.52"
1-22-04,"1,149.21","1,134.62","1,147.62"
1-29-04,"1,155.38","1,126.50","1,128.48"
2-5-04,"1,142.45","1,124.74","1,126.52"
2-12-04,"1,158.89","1,138.70","1,157.76"
2-19-04,"1,158.98","1,145.81","1,151.82"
2-26-04,"1,146.69","1,134.43","1,143.67"
3-4-04,"1,157.45","1,143.78","1,151.03"
3-11-04,"1,159.94","1,122.53","1,123.89"
3-18-04,"1,125.76","1,102.61","1,123.75"
3-25-04,"1,109.78","1,087.16","1,091.33"
4-1-04,"1,130.83","1,108.06","1,126.21"
4-8-04,"1,150.57","1,138.41","1,140.53"
4-15-04,"1,147.78","1,122.15","1,128.17"
4-22-04,"1,139.26","1,116.03","1,124.09"
4-29-04,"1,146.56","1,121.70","1,122.41"
5-6-04,"1,127.74","1,107.30","1,121.53"
5-13-04,"1,098.70","1,076.32","1,097.28"
5-20-04,"1,105.93","1,079.36","1,088.68"
5-27-04,"1,116.71","1,090.74","1,114.94"
6-3-04,"1,128.10","1,113.32","1,124.99"
6-10-04,"1,142.18","1,114.76","1,131.33"
6-17-04,"1,137.36","1,122.16","1,133.56"
6-24-04,"1,145.15","1,124.37","1,144.06"
7-1-04,"1,144.20","1,131.72","1,140.84"
7-8-04,"1,125.38","1,113.21","1,118.33"
7-15-04,"1,119.60","1,106.71","1,111.47"
7-22-04,"1,116.27","1,093.88","1,093.88"
7-29-04,"1,098.84","1,078.78","1,095.42"
8-5-04,"1,108.60","1,092.40","1,098.63"
8-12-04,"1,079.04","1,063.97","1,075.79"
8-19-04,"1,095.17","1,064.80","1,095.17"
8-26-04,"1,106.29","1,092.82","1,104.96"
9-2-04,"1,109.24","1,094.72","1,105.91"
9-9-04,"1,124.08","1,113.63","1,121.30"
9-16-04,"1,129.78","1,123.35","1,125.82"
9-23-04,"1,128.55","1,120.34","1,122.20"
9-30-04,"1,114.80","1,101.29","1,114.80"
10-7-04,"1,142.05","1,131.50","1,142.05"
10-14-04,"1,127.01","1,109.63","1,113.65"
10-21-04,"1,117.96","1,094.25","1,103.66"
10-28-04,"1,126.29","1,090.29","1,125.40"
11-4-04,"1,147.57","1,127.60","1,143.20"
11-11-04,"1,169.25","1,162.32","1,162.91"
11-18-04,"1,188.46","1,175.32","1,181.94"
11-24-04,"1,182.46","1,176.94","1,181.76"
12-2-04,"1,191.37","1,172.37","1,191.37"
12-9-04,"1,192.41","1,177.07","1,182.81"
12-16-04,"1,206.61","1,188.00","1,205.72"
12-23-04,"1,211.42","1,193.36","1,209.57"
12-30-04,"1,214.13","1,204.92","1,213.45"
1-6-05,"1,217.80","1,183.72","1,183.74"
1-13-05,"1,194.78","1,175.64","1,184.52"
1-20-05,"1,195.98","1,180.10","1,184.52"
1-27-05,"1,175.96","1,163.75","1,174.07"
2-3-05,"1,195.25","1,171.36","1,193.19"
2-10-05,"1,205.11","1,191.54","1,191.99"
2-17-05,"1,212.44","1,203.59","1,210.34"
2-24-05,"1,202.48","1,184.16","1,190.80"
3-3-05,"1,215.79","1,198.13","1,210.08"
3-10-05,"1,229.06","1,206.71","1,207.01"
3-17-05,"1,210.54","1,185.61","1,188.07"
3-24-05,"1,189.65","1,168.70","1,172.53"
3-31-05,"1,181.54","1,163.69","1,181.41"
4-7-05,"1,189.34","1,167.72","1,184.07"
4-14-05,"1,190.17","1,170.85","1,173.79"
4-21-05,"1,155.50","1,136.15","1,137.51"
4-28-05,"1,164.80","1,144.42","1,156.38"
5-5-05,"1,178.62","1,154.71","1,171.35"
5-12-05,"1,178.87","1,157.71","1,171.11"
5-19-05,"1,187.90","1,153.64","1,185.56"
5-26-05,"1,197.44","1,185.96","1,190.01"
6-2-05,"1,205.64","1,191.03","1,202.22"
6-9-05,"1,208.85","1,192.75","1,197.26"
6-16-05,"1,208.08","1,194.51","1,206.58"
6-23-05,"1,219.59","1,210.65","1,213.88"
6-30-05,"1,204.07","1,188.30","1,199.85"
7-7-05,"1,206.34","1,192.49","1,194.94"
7-14-05,"1,233.16","1,211.86","1,227.92"
7-21-05,"1,236.56","1,221.13","1,235.20"
7-28-05,"1,238.36","1,228.15","1,236.79"
8-4-05,"1,245.86","1,233.80","1,245.04"
8-11-05,"1,242.69","1,222.67","1,229.13"
8-18-05,"1,236.24","1,218.07","1,220.24"
8-25-05,"1,228.96","1,214.44","1,217.59"
9-1-05,"1,220.36","1,201.07","1,220.33"
9-8-05,"1,237.06","1,218.02","1,236.36"
9-15-05,"1,242.60","1,226.16","1,227.16"
9-22-05,"1,237.91","1,209.89","1,210.20"
9-29-05,"1,222.56","1,211.11","1,216.89"
10-6-05,"1,233.34","1,196.25","1,196.39"
10-13-05,"1,196.52","1,173.65","1,177.68"
10-20-05,"1,195.76","1,170.55","1,195.76"
10-27-05,"1,204.01","1,179.59","1,191.38"
11-3-05,"1,215.17","1,198.41","1,214.76"
11-10-05,"1,226.59","1,216.08","1,220.65"
11-17-05,"1,235.70","1,215.05","1,234.72"
11-24-05,"1,270.64","1,259.51","1,265.61"
12-1-05,"1,268.44","1,249.39","1,249.48"
12-8-05,"1,272.89","1,253.02","1,257.37"
12-15-05,"1,272.11","1,255.52","1,267.43"
12-22-05,"1,270.51","1,257.21","1,268.66"
12-29-05,"1,271.83","1,256.54","1,258.17"
1-5-06,"1,275.37","1,245.74","1,273.46"
1-12-06,"1,294.90","1,283.76","1,294.18"
1-19-06,"1,287.61","1,272.08","1,277.93"
1-26-06,"1,286.38","1,259.42","1,283.72"
2-2-06,"1,287.94","1,276.85","1,282.46"
2-9-06,"1,267.04","1,253.61","1,265.65"
2-16-06,"1,281.00","1,258.34","1,280.00"
2-23-06,"1,294.17","1,281.33","1,292.67"
3-2-06,"1,297.57","1,278.66","1,291.24"
3-9-06,"1,288.23","1,268.42","1,278.47"
3-16-06,"1,304.40","1,281.58","1,303.02"
3-23-06,"1,310.88","1,295.81","1,305.04"
3-30-06,"1,306.24","1,291.84","1,302.89"
4-6-06,"1,312.81","1,294.71","1,311.56"
4-13-06,"1,300.74","1,282.96","1,288.12"
4-20-06,"1,310.39","1,280.74","1,309.93"
4-27-06,"1,316.04","1,295.57","1,310.61"
5-4-06,"1,317.21","1,303.46","1,308.12"
5-11-06,"1,326.70","1,317.44","1,322.85"
5-18-06,"1,291.73","1,267.31","1,270.32"
5-25-06,"1,264.53","1,245.34","1,258.57"
6-1-06,"1,285.71","1,269.19","1,285.71"
6-8-06,"1,257.07","1,249.43","1,249.72"
6-15-06,"1,243.59","1,230.01","1,243.04"
6-22-06,"1,251.92","1,241.53","1,244.70"
6-29-06,"1,257.29","1,245.94","1,255.88"
7-6-06,"1,278.32","1,270.58","1,274.08"
7-13-06,"1,258.58","1,241.43","1,242.28"
7-20-06,"1,262.56","1,253.13","1,255.69"
7-27-06,"1,273.89","1,240.25","1,268.40"
8-3-06,"1,283.96","1,271.25","1,280.27"
8-10-06,"1,272.55","1,261.30","1,271.81"
8-17-06,"1,296.31","1,292.71","1,294.21"
8-24-06,"1,297.23","1,291.49","1,291.94"
8-31-06,"1,305.50","1,302.45","1,302.93"
9-7-06,"1,301.25","1,292.13","1,297.79"
9-14-06,"1,318.00","1,313.25","1,316.28"
9-21-06,"1,328.19","1,322.59","1,326.90"
9-28-06,"1,339.73","1,334.75","1,336.87"
10-5-06,"1,351.57","1,347.75","1,348.56"
10-12-06,"1,359.05","1,349.94","1,357.88"
10-19-06,"1,368.09","1,362.06","1,366.96"
10-26-06,"1,386.53","1,379.47","1,385.15"
11-2-06,"1,367.44","1,362.21","1,366.31"
11-9-06,"1,388.92","1,377.37","1,378.33"
11-16-06,"1,401.79","1,396.53","1,400.08"
11-23-06,"1,407.89","1,402.26","1,406.09"
11-30-06,"1,402.67","1,394.85","1,395.97"
12-7-06,"1,415.93","1,396.67","1,412.90"
12-14-06,"1,424.64","1,413.16","1,422.34"
12-21-06,"1,426.40","1,423.20","1,425.84"
12-28-06,"1,427.26","1,422.05","1,424.73"
1-4-07,"1,421.84","1,408.22","1,418.34"
1-11-07,"1,418.84","1,414.84","1,418.78"
1-18-07,"1,432.96","1,424.21","1,426.37"
1-25-07,"1,440.69","1,434.56","1,436.31"
2-1-07,"1,446.64","1,437.90","1,445.94"
2-8-07,"1,452.99","1,446.44","1,450.02"
2-15-07,"1,457.97","1,453.19","1,456.81"
2-22-07,"1,461.57","1,457.29","1,459.85"
3-1-07,"1,408.17","1,380.87","1,406.01"
3-8-07,"1,407.72","1,391.88","1,406.18"
3-15-07,"1,395.73","1,385.16","1,392.28"
3-22-07,"1,436.80","1,429.88","1,431.64"
3-29-07,"1,426.24","1,413.27","1,422.53"
4-5-07,"1,440.16","1,435.08","1,439.37"
4-12-07,"1,448.39","1,436.15","1,438.87"
4-19-07,"1,476.57","1,466.41","1,472.50"
4-26-07,"1,496.59","1,480.28","1,495.42"
5-3-07,"1,499.10","1,486.13","1,495.92"
5-10-07,"1,513.80","1,503.77","1,512.58"
5-17-07,"1,514.15","1,500.75","1,514.14"
5-24-07,"1,532.43","1,521.90","1,522.28"
5-31-07,"1,530.23","1,510.06","1,530.23"
6-7-07,"1,530.57","1,514.13","1,517.38"
6-14-07,"1,515.70","1,492.65","1,515.67"
6-21-07,"1,537.32","1,512.36","1,512.84"
6-28-07,"1,515.70","1,492.65","1,515.67"
7-5-07,"1,526.01","1,519.12","1,524.87"
7-12-07,"1,519.34","1,506.10","1,518.76"
7-19-07,"1,549.20","1,533.67","1,546.17"
7-26-07,"1,524.31","1,504.87","1,517.91"
8-2-07,"1,463.30","1,443.68","1,451.59"
8-9-07,"1,503.89","1,476.22","1,497.49"
8-16-07,"1,440.78","1,404.36","1,406.70"
8-23-07,"1,464.48","1,447.03","1,464.07"
8-30-07,"1,463.76","1,432.01","1,463.76"
9-6-07,"1,488.76","1,466.37","1,472.29"
9-13-07,"1,479.19","1,465.69","1,471.56"
9-20-07,"1,538.69","1,519.75","1,529.03"
9-27-07,"1,529.17","1,516.96","1,525.42"
10-4-07,"1,546.33","1,536.43","1,539.59"
10-11-07,"1,565.22","1,555.62","1,562.47"
10-18-07,"1,550.38","1,526.46","1,541.24"
10-25-07,"1,519.57","1,489.74","1,515.88"
11-1-07,"1,551.91","1,529.42","1,549.38"
11-8-07,"1,519.49","1,475.08","1,475.62"
11-15-07,"1,491.51","1,466.99","1,470.58"
11-22-07,"1,439.62","1,415.73","1,416.77"
11-29-07,"1,471.44","1,427.78","1,469.02"
12-6-07,"1,485.85","1,462.06","1,485.01"
12-13-07,"1,485.40","1,472.40","1,479.66"
12-20-07,"1,464.40","1,445.49","1,453.00"
12-27-07,"1,497.63","1,484.55","1,496.45"
1-3-08,"1,455.74","1,447.37","1,450.38"
1-10-08,"1,409.20","1,379.23","1,409.13"
1-17-08,"1,391.99","1,364.27","1,373.20"
1-24-08,"1,338.82","1,269.87","1,338.60"
1-31-08,"1,385.86","1,352.95","1,355.81"
2-7-08,"1,351.96","1,324.34","1,326.45"
2-14-08,"1,369.23","1,350.78","1,367.21"
2-21-08,"1,367.28","1,345.05","1,348.78"
2-28-08,"1,388.34","1,372.00","1,380.02"
3-6-08,"1,344.19","1,320.22","1,333.70"
3-13-08,"1,333.26","1,307.86","1,308.77"
3-20-08,"1,341.51","1,298.42","1,298.42"
3-27-08,"1,352.45","1,336.41","1,341.13"
4-3-08,"1,377.95","1,361.55","1,367.53"
4-10-08,"1,368.08","1,350.25","1,354.49"
4-17-08,"1,365.49","1,337.02","1,364.71"
4-24-08,"1,387.87","1,372.24","1,379.93"
5-1-08,"1,404.57","1,384.25","1,385.59"
5-8-08,"1,394.29","1,399.18","1,389.39"
5-15-08,"1,412.29","1,406.87","1,408.66"
5-22-08,"1,396.20","1,390.70","1,390.71"
5-29-08,"1,393.49","1,388.59","1,390.84"
6-5-08,"1,393.32","1,377.48","1,377.20"
6-12-08,"1,353.03","1,335.78","1,335.49"
6-19-08,"1,341.27","1,334.04","1,337.81"
6-26-08,"1,316.29","1,306.14","1,321.97"
7-3-08,"1,269.81","1,255.69","1,261.52"
7-10-08,"1,252.39","1,243.32","1,244.69"
7-17-08,"1,258.72","1,246.31","1,245.36"
7-24-08,"1,283.22","1,276.01","1,282.19"
7-31-08,"1,281.59","1,273.50","1,284.26"
8-7-08,"1,278.81","1,273.06","1,289.19"
8-14-08,"1,285.58","1,276.84","1,285.83"
8-21-08,"1,300.15","1,261.31","1,274.54"
8-28-08,"1,291.70","1,283.79","1,281.66"
9-4-08,"1,271.80","1,253.12","1,274.98"
9-11-08,"1,274.66","1,221.73","1,232.04"
9-18-08,"1,184.22","1,157.08","1,156.39"
9-25-08,"1,212.77","1,187.87","1,185.87"
10-2-08,"1,160.64","1,132.46","1,161.06"
10-9-08,"1,005.25",986.53,984.94
10-16-08,924.87,888.17,907.84
10-23-08,909.80,883.80,896.78
10-30-08,963.23,939.38,930.09
11-6-08,952.4,934.13,952.77
11-13-08,865.07,847.4,852.3
11-20-08,805.87,776.79,806.58
11-27-08,896.25,881.21,887.68
12-4-08,872.89,858.55,870.74
12-11-08,899.95,885.94,899.24
12-18-08,910.01,900.1,904.42
12-25-08,873.7,868.5,872.8
1-1-09,934.73,899.35,903.25
1-8-09,907.64,896.81,906.65
1-15-09,842.05,825.53,842.62
1-22-09,839.74,816.69,840.24
1-29-09,868.89,854.37,874.09
2-5-09,832.63,819.91,832.23
2-12-09,829.91,811.35,833.74
2-19-09,797.58,787.91,788.42
2-26-09,779.42,765.76,764.9
3-5-09,708.27,696.27,712.87
3-12-09,727.47,714.76,721.36
3-19-09,803.24,788.87,794.35
3-26-09,826.76,814.06,813.88
4-2-09,835.91,814.53,811.08
4-9-09,850.8,829.29,825.16
4-16-09,852.93,835.58,841.5
4-23-09,848.22,835.45,843.55
4-30-09,887.47,876.59,873.64
5-7-09,929.58,919.58,919.53
5-14-09,890.1,882.52,883.92
5-21-09,900.42,884.06,903.47
5-28-09,903.06,887.6,893.06
6-4-09,936.22,931.29,931.76
6-11-09,950.13,939.04,939.15
6-18-09,914.05,907.94,910.71
6-25-09,908.84,896.27,900.94
7-2-09,921.24,903.22,923.33
7-9-09,886.01,879.35,879.56
7-16-09,934.31,928.04,932.68
7-23-09,962.37,953.27,954.07
7-30-09,994.95,976.01,975.15
8-6-09,1008,997.59,1002.72
8-13-09,1009.54,1000.82,1005.81
8-20-09,1004.08,996.39,996.46
8-27-09,1027.81,1016.83,1028.12
9-3-09,1001.46,996.12,994.75
9-10-09,1033.94,1028.04,1033.37
9-17-09,1074.77,1066.93,1068.76
9-24-09,1066.29,1051.04,1060.87
10-1-09,1054.91,1043.65,1057.08
10-8-09,1066.86,1060.03,1057.58
10-15-09,1090.89,1086.88,1092.02
10-22-09,1101.36,1080.77,1081.4
10-29-09,1056.01,1043.69,1042.63
11-5-09,1060.98,1047.3,1046.5
11-12-09,1105.37,1063.21,1098.51
11-19-09,1106.44,1089.84,1109.8
11-26-09,1105.47,1083.74,"1,110.63"
12-3-09,1117.28,1109.24,"1,109.24"
12-10-09,1106.25,1098.69,"1,095.95"
12-17-09,1106.36,1098.16,"1,109.18"
12-24-09,1130.38,1126.17,"1,127.78"
12-31-09,1129.43,1116.56,"1,115.10"
1-7-10,1136.27,1131.32,"1,137.14"
1-14-10,1147.93,1143.8,"1,145.68"
1-21-10,1141.58,1136.52,"1,138.04"
1-28-10,1100.22,1092.63,"1,097.50"
2-4-10,1097.25,1074.86,"1,097.28"
2-11-10,1069.05,1060.59,"1,068.13"
2-18-10,1102.4,1097.48,"1,099.51"
2-25-10,"1,106.42","1,106.42","1,094.60"
3-4-10,"1,121.67","1,119.12","1,118.79"
3-11-10,"1,143.96","1,139.99","1,145.61"
3-18-10,"1,167.77","1,165.07","1,166.21"
3-25-10,"1,176.71","1,170.03","1,167.72"
4-1-10,"1,181.43","1,171.23","1,169.43"
4-8-10,"1,181.75","1,175.12","1,182.45"
4-15-10,"1,210.77","1,208.64","1,210.65"
4-22-10,"1,202.52","1,190.19","1,205.94"
4-29-10,"1,202.59","1,193.30","1,191.36"
5-6-10,"1,166.65","1,161.74","1,165.87"
5-13-10,"1,170.61","1,164.48","1,171.67"
5-20-10,"1,107.34","1,088.33","1,115.05"
5-27-10,"1,089.60","1,074.27","1,067.95"
6-3-10,"1,105.67","1,098.82","1,098.38"
6-10-10,"1,083.05","1,058.77","1,055.69"
6-17-10,"1,117.72","1,106.38","1,114.61"
6-24-10,"1,090.93","1,079.17","1,092.04"
7-1-10,"1,033.58","1,021.65","1,030.71"
7-8-10,"1,071.25","1,062.92","1,060.27"
7-15-10,"1,095.17","1,080.53","1,095.17"
7-22-10,"1,094.59","1,072.14","1,069.59"
7-29-10,"1,115.90","1,109.63","1,106.13"
8-5-10,"1,124.75","1,118.81","1,127.24"
8-12-10,"1,083.88","1,076.69","1,089.47"
8-19-10,"1,092.44","1,077.35","1,094.16"
8-26-10,"1,060.25","1,055.38","1,055.33"
9-2-10,"1,086.55","1,080.39","1,080.29"
9-9-10,"1,103.26","1,092.36","1,091.84"
9-16-10,"1,123.89","1,118.90","1,125.07"
9-23-10,"1,132.97","1,123.46","1,134.24"
9-30-10,"1,157.16","1,145.97","1,144.73"
10-7-10,"1,163.87","1,156.50","1,159.97"
10-14-10,"1,177.95","1,174.04","1,178.10"
10-21-10,"1,188.52","1,179.82","1,178.17"
10-28-10,"1,189.53","1,184.47","1,182.45"
11-4-10,"1,213.05","1,198.34","1,197.96"
11-11-10,"1,227.08","1,220.29","1,225.85"
11-18-10,"1,226.84","1,173.00","1,223.25"
11-25-10,"1,200.29","1,198.35","1,199.73"
12-2-10,"1,207.61","1,186.93","1,206.07"
12-9-10,"1,235.05","1,186.60","1,228.28"
12-16-10,"1,246.72","1,240.34","1,241.59"
12-23-10,"1,259.39","1,254.94","1,258.84"
12-30-10,"1,262.60","1,258.78","1,259.78"
1-6-11,"1,277.63","1,254.19","1,276.56"
1-13-11,"1,286.87","1,275.65","1,285.96"
1-20-11,"1,296.06","1,290.16","1,295.02"
1-27-11,"1,299.74","1,291.97","1,296.63"
2-3-11,"1,308.86","1,275.10","1,304.03"
2-10-11,"1,324.87","1,316.03","1,324.57"
2-17-11,"1,337.61","1,329.51","1,336.32"
2-24-11,"1,344.07","1,338.12","1,343.01"
3-3-11,"1,332.09","1,320.55","1,327.22"
3-10-11,"1,332.28","1,312.59","1,321.82"
3-17-11,"1,315.72","1,294.21","1,304.28"
3-24-11,"1,300.58","1,292.70","1,298.38"
3-31-11,"1,331.74","1,321.89","1,328.26"
4-7-11,"1,339.38","1,328.89","1,335.54"
4-14-11,"1,339.46","1,309.19","1,314.41"
4-21-11,"1,332.66","1,319.12","1,330.36"
4-28-11,"1,349.55","1,336.75","1,347.24"
5-5-11,"1,370.58","1,358.69","1,363.61"
5-12-11,"1,359.44","1,348.34","1,357.16"
5-19-11,"1,351.05","1,333.36","1,348.65"
5-26-11,"1,346.82","1,336.36","1,343.60"
6-2-11,"1,345.20","1,314.41","1,314.55"
6-9-11,"1,312.94","1,297.90","1,300.16"
6-16-11,"1,294.54","1,279.63","1,289.00"
6-23-11,"1,298.61","1,286.79","1,295.52"
6-30-11,"1,309.21","1,296.85","1,307.41"
7-7-11,"1,341.01","1,334.30","1,339.67"
7-14-11,"1,356.48","1,313.33","1,317.72"
7-21-11,"1,330.43","1,295.92","1,325.84"
7-28-11,"1,347.00","1,303.49","1,304.89"
8-4-11,"1,316.32","1,234.56","1,260.34"
8-11-11,"1,260.23","1,101.54","1,120.76"
8-18-11,"1,208.47","1,121.30","1,193.88"
8-25-11,"1,190.68","1,121.09","1,159.27"
9-1-11,"1,230.71","1,135.91","1,218.89"
9-8-11,"1,229.29","1,140.13","1,198.62"
9-15-11,"1,204.40","1,136.07","1,188.68"
9-22-11,"1,220.39","1,157.44","1,166.76"
9-29-11,"1,220.39","1,114.22","1,151.06"
10-6-11,"1,195.86","1,074.77","1,144.04"
10-13-11,"1,220.25","1,074.77","1,207.25"
10-20-11,"1,233.10","1,187.30","1,209.88"
10-27-11,"1,256.55","1,191.48","1,242.00"
11-3-11,"1,292.66","1,215.42","1,237.90"
11-10-11,"1,277.55","1,215.42","1,229.10"
11-17-11,"1,277.55","1,226.64","1,236.91"
11-24-11,"1,259.61","1,158.66","1,158.67"
12-1-11,"1,247.11","1,158.66","1,246.96"
12-8-11,"1,267.06","1,191.80","1,261.01"
12-15-11,"1,267.06","1,209.47","1,211.82"
12-22-11,"1,249.86","1,202.37","1,243.72"
12-29-11,"1,269.37","1,202.37","1,249.64"
1-5-12,"1,284.62","1,248.64","1,277.30"
1-12-12,"1,296.82","1,265.26","1,295.50"
1-19-12,"1,308.11","1,274.55","1,308.04"
1-26-12,"1,328.30","1,290.22","1,326.06"
2-2-12,"1,333.47","1,300.49","1,324.09"
2-9-12,"1,351.00","1,306.69","1,349.96"
2-16-12,"1,355.87","1,335.92","1,343.23"
2-23-12,"1,367.76","1,340.80","1,357.66"
3-1-12,"1,378.04","1,352.28","1,365.68"
3-8-12,"1,378.04","1,340.03","1,352.63"
3-15-12,"1,399.42","1,340.03","1,394.28"
3-22-12,"1,414.00","1,371.92","1,402.89"
3-29-12,"1,419.15","1,386.87","1,405.54"
4-5-12,"1,422.38","1,391.56","1,398.96"
4-12-12,"1,422.38","1,357.38","1,368.71"
4-19-12,"1,392.76","1,357.38","1,385.14"
4-26-12,"1,392.76","1,358.79","1,390.69"
5-3-12,"1,415.32","1,366.82","1,402.31"
5-10-12,"1,415.32","1,343.13","1,354.58"
5-17-12,"1,369.16","1,324.79","1,324.80"
5-24-12,"1,344.94","1,291.98","1,318.86"
5-31-12,"1,334.93","1,295.73","1,313.32"
6-7-12,"1,334.93","1,266.74","1,315.13"
6-14-12,"1,335.52","1,274.16","1,314.88"
6-21-12,"1,363.46","1,306.62","1,355.69"
6-28-12,"1,363.46","1,309.27","1,331.85"
7-5-12,"1,374.81","1,313.29","1,374.02"
7-12-12,"1,374.81","1,333.25","1,341.45"
7-19-12,"1,375.26","1,325.41","1,372.78"
7-26-12,"1,380.39","1,329.24","1,337.89"
8-2-12,"1,391.74","1,329.24","1,375.14"
8-9-12,"1,407.14","1,354.65","1,402.22"
8-16-12,"1,410.03","1,394.46","1,405.53"
8-23-12,"1,426.68","1,400.60","1,413.49"
8-30-12,"1,426.68","1,398.04","1,410.49"
9-6-12,"1,416.17","1,396.56","1,403.44"
9-13-12,"1,439.15","1,396.56","1,436.56"
9-20-12,"1,474.51","1,429.13","1,461.05"
9-27-12,"1,467.07","1,430.53","1,433.32"
10-4-12,"1,463.24","1,430.53","1,450.99"
10-11-12,"1,470.96","1,430.64","1,432.56"
10-18-12,"1,462.20","1,425.53","1,460.91"
10-25-12,"1,464.02","1,407.10","1,408.75"
11-1-12,"1,457.34","1,403.28","1,412.16"
11-8-12,"1,433.38","1,388.14","1,394.53"
11-15-12,"1,433.38","1,352.50","1,355.49"
11-22-12,"1,391.25","1,343.35","1,391.03"
11-28-12,"1,409.15","1,359.88","1,409.93"
12-6-12,"1,416.34","1,385.43","1,409.28"
12-13-12,"1,438.59","1,398.23","1,428.48"
12-20-12,"1,448.00","1,411.88","1,435.81"
12-27-12,"1,443.70","1,416.43","1,419.83"
1-3-13,"1,462.43","1,398.11","1,462.42"
1-10-13,"1,467.94","1,398.11","1,461.02"
1-17-13,"1,473.96","1,451.64","1,472.63"
1-24-13,"1,496.13","1,463.76","1,494.81"
1-31-13,"1,509.94","1,481.16","1,501.96"
2-7-13,"1,514.96","1,495.02","1,512.12"
2-14-13,"1,524.69","1,495.71","1,520.33"
2-21-13,"1,530.94","1,511.41","1,511.95"
2-28-13,"1,530.94","1,485.01","1,515.99"
3-7-13,"1,545.25","1,485.01","1,541.46"
3-14-13,"1,556.77","1,541.46","1,554.52"
3-21-13,"1,563.62","1,538.57","1,558.71"
3-28-13,"1,564.91","1,538.57","1,562.85"
4-4-13,"1,573.66","1,546.22","1,553.69"
4-11-13,"1,589.07","1,539.50","1,587.73"
4-18-13,"1,597.35","1,543.69","1,552.01"
4-25-13,"1,583.00","1,536.03","1,578.79"
5-2-13,"1,597.57","1,562.50","1,582.70"
5-9-13,"1,632.78","1,581.28","1,632.69"
5-16-13,"1,661.49","1,616.64","1,658.78"
5-23-13,"1,687.18","1,633.75","1,655.35"
5-30-13,"1,663.52","1,636.42","1,648.36"
6-6-13,"1,674.21","1,607.09","1,608.90"
6-13-13,"1,648.69","1,598.23","1,612.52"
6-20-13,"1,654.19","1,608.07","1,628.93"
6-27-13,"1,654.19","1,560.33","1,603.26"
7-4-13,"1,632.07","1,592.27","1,631.89"
7-11-13,"1,657.92","1,604.57","1,652.62"
7-18-13,"1,684.75","1,642.89","1,680.91"
7-25-13,"1,698.78","1,671.84","1,685.94"
8-1-13,"1,698.78","1,676.03","1,685.73"
8-8-13,"1,709.67","1,682.42","1,690.91"
8-15-13,"1,705.79","1,682.62","1,685.39"
8-22-13,"1,696.81","1,639.43","1,642.80"
8-29-13,"1,669.51","1,627.47","1,634.96"
9-5-13,"1,655.72","1,628.05","1,653.08"
9-12-13,"1,689.13","1,633.41","1,689.13"
9-19-13,"1,729.44","1,674.32","1,725.52"
9-26-13,"1,729.86","1,691.70","1,692.77"
10-3-13,"1,725.23","1,674.99","1,693.87"
10-10-13,"1,696.55","1,646.47","1,656.40"
10-17-13,"1,721.76","1,646.47","1,721.54"
10-24-13,"1,759.33","1,695.93","1,746.38"
10-31-13,"1,775.22","1,740.50","1,763.31"
11-7-13,"1,775.22","1,752.70","1,770.49"
11-14-13,"1,782.00","1,746.20","1,782.00"
11-21-13,"1,802.33","1,760.64","1,781.37"
11-28-13,"1,808.42","1,777.23","1,807.23"
12-5-13,"1,813.55","1,779.09","1,792.81"
12-12-13,"1,811.52","1,779.09","1,782.22"
12-19-13,"1,811.08","1,767.99","1,810.65"
12-26-13,"1,833.32","1,767.99","1,833.32"
1-2-14,"1,849.44","1,810.25","1,848.36"
1-9-14,"1,849.44","1,823.73","1,837.49"
1-16-14,"1,850.84","1,815.52","1,848.38"
1-23-14,"1,850.84","1,815.52","1,844.86"
1-30-14,"1,850.84","1,815.52","1,844.86"
2-6-14,"1,798.77","1,737.92","1,751.64"
2-13-14,"1,826.55","1,737.92","1,819.26"
2-20-14,"1,847.50","1,826.99","1,828.75"
2-27-14,"1,858.71","1,824.58","1,845.16"
3-6-14,"1,876.53","1,834.44","1,873.81"
3-13-14,"1,883.57","1,849.23","1,868.20"
3-20-14,"1,882.35","1,839.57","1,860.77"
3-27-14,"1,883.97","1,849.69","1,852.56"
4-3-14,"1,893.17","1,842.11","1,890.90"
4-10-14,"1,897.28","1,837.49","1,872.18"
4-17-14,"1,872.53","1,814.36","1,862.31"
4-24-14,"1,884.89","1,815.80","1,875.39"
5-1-14,"1,885.20","1,850.61","1,883.95"
5-8-14,"1,891.33","1,859.79","1,878.21"
5-15-14,"1,902.17","1,859.79","1,888.53"
5-22-14,"1,902.17","1,862.36","1,888.03"
5-29-14,"1,914.46","1,868.14","1,909.78"
6-5-14,"1,928.63","1,902.01","1,927.88"
6-12-14,"1,955.55","1,918.60","1,943.89"
6-19-14,"1,957.74","1,925.78","1,956.98"
6-26-14,"1,968.17","1,933.55","1,959.53"
7-3-14,"1,978.58","1,944.69","1,974.62"
7-10-14,"1,985.59","1,958.22","1,972.83"
7-17-14,"1,983.94","1,952.86","1,981.57"
7-24-14,"1,989.23","1,955.59","1,987.01"
7-31-14,"1,991.39","1,962.42","1,970.07"
8-7-14,"1,984.85","1,911.45","1,920.24"
8-14-14,"1,936.34","1,904.78","1,946.72"
8-21-14,"1,988.57","1,928.29","1,986.51"
8-28-14,"2,005.04","1,972.73","2,000.12"
9-4-14,"2,009.28","1,990.52","2,000.72"
9-11-14,"2,011.17","1,982.99","1,995.69"
9-18-14,"2,010.74","1,978.48","2,001.57"
9-25-14,"2,019.26","1,978.63","1,998.30"
10-2-14,"1,999.79","1,941.72","1,946.16"
10-9-14,"1,985.17","1,925.25","1,968.89"
10-16-14,"1,970.36","1,820.66","1,862.49"
10-23-14,"1,949.31","1,820.66","1,927.11"
10-30-14,"1,991.40","1,909.38","1,982.30"
11-6-14,"2,024.46","1,964.14","2,023.57"
11-13-14,"2,041.28","2,001.01","2,038.25"
11-20-14,"2,056.08","2,030.44","2,048.72"
11-27-14,"2,075.76","2,040.37","2,067.56"
12-4-14,"2,076.28","2,049.57","2,074.33"
12-11-14,"2,079.47","2,024.26","2,026.14"
12-18-14,"2,060.60","2,002.33","2,012.89"
12-25-14,"2,093.55","2,018.98","2,090.57"
1-1-15,"2,093.55","2,017.34","2,020.58"
1-8-15,"2,093.55","1,992.44","2,025.90"
1-15-15,"2,064.43","1,988.44","2,011.27"
1-22-15,"2,056.93","1,988.12","2,032.12"
1-29-15,"2,064.62","2,001.49","2,002.16"
2-5-15,"2,057.62","1,980.90","2,050.03"
2-12-15,"2,073.48","2,022.71","2,068.53"
2-19-15,"2,101.30","2,041.88","2,099.68"
2-26-15,"2,119.59","2,085.44","2,113.86"
3-5-15,"2,119.59","2,087.62","2,098.53"
3-12-15,"2,115.76","2,039.69","2,040.24"
3-19-15,"2,106.85","2,039.69","2,099.50"
3-26-15,"2,114.86","2,061.05","2,061.05"
4-2-15,"2,107.63","2,045.50","2,059.69"
4-9-15,"2,089.81","2,048.38","2,081.90"
4-16-15,"2,111.91","2,073.30","2,106.63"
4-23-15,"2,111.91","2,072.37","2,107.96"
4-30-15,"2,125.92","2,091.05","2,106.85"
5-7-15,"2,120.95","2,067.93","2,080.15"
5-14-15,"2,117.69","2,067.93","2,098.48"
5-21-15,"2,134.72","2,085.57","2,125.85"
5-28-15,"2,134.72","2,099.18","2,123.48"
6-4-15,"2,126.22","2,099.14","2,114.07"
6-11-15,"2,121.92","2,072.14","2,105.20"
6-18-15,"2,115.02","2,072.14","2,100.44"
6-25-15,"2,129.87","2,082.10","2,108.58"
7-2-15,"2,128.03","2,056.32","2,077.42"
7-9-15,"2,098.63","2,044.02","2,046.68"
7-16-15,"2,114.14","2,044.02","2,107.40"
7-23-15,"2,132.82","2,102.49","2,114.15"
7-30-15,"2,132.82","2,063.52","2,108.57"
8-6-15,"2,114.24","2,063.52","2,099.84"
8-13-15,"2,112.66","2,052.09","2,086.05"
8-20-15,"2,103.47","2,052.09","2,079.61"
8-27-15,"2,103.47","1,867.01","1,940.51"
9-3-15,"1,993.48","1,867.08","1,948.86"
9-10-15,"1,988.63","1,903.07","1,942.04"
9-17-15,"1,997.26","1,927.30","1,995.31"
9-24-15,"2,020.86","1,939.19","1,966.97"
10-1-15,"1,979.64","1,871.91","1,884.09"
10-8-15,"1,999.31","1,871.91","1,995.83"
10-15-15,"2,022.34","1,971.99","1,994.24"
10-22-15,"2,039.12","1,990.73","2,018.94"
10-29-15,"2,090.35","2,017.22","2,090.35"
11-5-15,"2,116.48","2,058.84","2,102.31"
11-12-15,"2,116.48","2,068.24","2,075.00"
11-19-15,"2,086.94","2,019.39","2,083.58"
11-26-15,"2,097.06","2,051.99","2,090.11"
12-3-15,"2,104.27","2,070.29","2,079.51"
12-10-15,"2,104.27","2,036.53","2,047.62"
12-17-15,"2,080.33","1,993.26","2,073.07"
12-24-15,"2,076.72","1,993.26","2,064.29"
12-31-15,"2,081.56","2,005.93","2,063.36"
1-7-16,"2,081.56","1,979.05","1,990.26"
1-14-16,"2,021.94","1,886.41","1,890.28"
1-21-16,"1,950.33","1,812.29","1,859.33"
1-28-16,"1,916.99","1,812.29","1,882.95"
2-4-16,"1,947.20","1,872.23","1,912.53"
2-11-16,"1,935.26","1,828.46","1,851.86"
2-18-16,"1,930.68","1,810.10","1,926.82"
2-25-16,"1,946.70","1,871.44","1,929.80"
3-3-16,"1,986.51","1,891.00","1,986.45"
3-10-16,"2,009.13","1,968.80","1,989.26"
3-17-16,"2,032.02","1,969.25","2,027.22"
3-24-16,"2,056.60","2,010.04","2,036.71"
3-31-16,"2,072.21","2,022.49","2,063.95"
4-7-16,"2,075.07","2,042.56","2,066.66"
4-14-16,"2,083.18","2,033.80","2,082.42"
4-21-16,"2,111.05","2,065.92","2,102.40"
4-28-16,"2,111.05","2,077.52","2,095.15"
5-5-16,"2,099.89","2,045.55","2,051.12"
5-12-16,"2,084.87","2,039.45","2,064.46"
5-19-16,"2,083.29","2,034.49","2,047.63"
5-26-16,"2,094.73","2,025.91","2,090.54"
6-2-16,"2,103.48","2,078.93","2,099.33"
6-9-16,"2,119.22","2,085.10","2,112.13"
6-16-16,"2,120.55","2,064.10","2,071.50"
6-23-16,"2,100.66","2,050.37","2,085.45"
6-30-16,"2,113.32","1,991.68","2,070.77"
7-7-16,"2,108.71","2,042.69","2,099.73"
7-14-16,"2,156.45","2,074.02","2,152.43"
7-21-16,"2,175.63","2,146.21","2,173.02"
7-28-16,"2,175.63","2,159.07","2,166.58"
8-4-16,"2,178.29","2,147.58","2,163.79"
8-11-16,"2,187.66","2,152.56","2,175.49"
8-18-16,"2,193.81","2,168.50","2,182.22"
8-25-16,"2,193.42","2,168.50","2,175.44"
9-1-16,"2,187.94","2,157.09","2,170.86"
9-8-16,"2,187.87","2,157.09","2,186.16"
9-15-16,"2,187.87","2,119.12","2,125.77"
9-22-16,"2,165.11","2,119.90","2,163.12"
9-29-16,"2,179.99","2,139.57","2,171.37"
10-6-16,"2,175.30","2,144.01","2,159.73"
10-13-16,"2,169.60","2,128.84","2,139.18"
10-20-16,"2,149.19","2,114.72","2,144.29"
10-27-16,"2,154.79","2,130.09","2,139.43"
11-3-16,"2,147.13","2,094.00","2,097.94"
11-10-16,"2,170.10","2,083.79","2,163.26"
11-17-16,"2,182.30","2,100.59","2,164.20"
11-24-16,"2,204.80","2,172.20","2,204.72"
12-1-16,"2,214.10","2,194.51","2,198.81"
12-8-16,"2,241.63","2,187.44","2,241.35"
12-15-16,"2,277.53","2,208.93","2,253.28"
12-22-16,"2,272.56","2,253.77","2,258.66"
12-29-16,"2,273.82","2,249.11","2,249.92"
1-5-17,"2,273.82","2,233.62","2,270.75"
1-12-17,"2,282.10","2,260.45","2,275.32"
1-19-17,"2,279.27","2,254.25","2,271.89"
1-26-17,"2,299.55","2,257.02","2,298.37"
2-2-17,"2,300.99","2,267.21","2,279.55"
2-9-17,"2,299.40","2,271.65","2,294.67"
2-16-17,"2,351.31","2,296.61","2,347.22"
2-23-17,"2,366.71","2,322.17","2,362.82"
3-2-17,"2,400.98","2,352.87","2,395.96"
3-9-17,"2,400.98","2,361.01","2,362.98"
3-16-17,"2,390.01","2,354.54","2,385.26"
3-23-17,"2,390.01","2,336.45","2,348.45"
3-30-17,"2,363.78","2,322.25","2,361.13"
4-6-17,"2,378.36","2,344.73","2,352.95"
4-13-17,"2,378.36","2,337.25","2,344.93"
4-20-17,"2,355.22","2,328.95","2,338.17"
4-27-17,"2,398.16","2,335.05","2,387.45"
5-4-17,"2,398.16","2,379.75","2,388.13"
5-11-17,"2,403.87","2,379.75","2,399.63"
5-18-17,"2,405.77","2,356.21","2,357.03"
5-25-17,"2,405.58","2,352.72","2,404.39"
6-1-17,"2,418.71","2,393.88","2,411.80"
6-8-17,"2,440.23","2,403.59","2,433.14"
6-15-17,"2,446.20","2,415.70","2,437.92"
6-22-17,"2,453.82","2,418.53","2,435.61"
6-29-17,"2,450.42","2,419.38","2,440.69"
7-6-17,"2,442.97","2,405.70","2,432.54"
7-13-17,"2,445.76","2,407.70","2,443.25"
7-20-17,"2,473.83","2,435.75","2,473.83"
7-27-17,"2,481.69","2,463.85","2,477.83"
8-3-17,"2,484.04","2,470.30","2,477.57"
8-10-17,"2,490.87","2,462.08","2,474.02"
8-17-17,"2,474.93","2,437.75","2,468.11"
8-24-17,"2,474.93","2,417.35","2,444.04"
8-31-17,"2,460.31","2,428.20","2,457.59"
9-7-17,"2,480.38","2,428.20","2,465.54"
9-14-17,"2,498.37","2,459.20","2,498.37"
9-21-17,"2,508.85","2,491.35","2,508.24"
9-28-17,"2,511.75","2,488.03","2,507.04"
10-5-17,"2,540.53","2,495.91","2,537.74"
10-12-17,"2,555.24","2,531.80","2,555.24"
10-19-17,"2,564.11","2,547.95","2,561.26"
10-26-17,"2,578.29","2,544.00","2,557.15"
11-2-17,"2,588.40","2,544.00","2,579.36"
11-9-17,"2,597.02","2,566.17","2,594.38"
11-16-17,"2,595.47","2,557.45","2,564.62"
11-23-17,"2,601.19","2,557.45","2,602.42"
11-30-17,"2,634.89","2,589.17","2,626.07"
12-7-17,"2,665.19","2,620.32","2,629.27"
12-14-17,"2,671.88","2,624.75","2,662.85"
12-21-17,"2,694.97","2,652.01","2,679.25"
12-28-17,"2,694.44","2,676.11","2,682.62"
1-4-18,"2,714.37","2,673.61","2,713.06"
1-11-18,"2,759.14","2,697.77","2,748.23"
1-18-18,"2,807.54","2,736.06","2,802.56"
1-25-18,"2,852.97","2,778.38","2,837.54"
2-1-18,"2,872.87","2,813.04","2,823.81"
2-8-18,"2,839.26","2,593.07","2,681.66"
2-15-18,"2,727.67","2,532.69","2,698.63"
2-22-18,"2,754.42","2,637.08","2,701.33"
3-1-18,"2,789.15","2,697.77","2,713.83"
3-8-18,"2,761.52","2,647.32","2,726.80"
3-15-18,"2,801.90","2,701.74","2,749.48"
3-22-18,"2,777.11","2,694.59","2,711.93"
3-29-18,"2,739.14","2,585.89","2,605.00"
4-5-18,"2,674.78","2,553.80","2,644.69"
4-12-18,"2,672.08","2,573.61","2,642.19"
4-19-18,"2,717.49","2,639.25","2,708.64"
4-26-18,"2,717.49","2,612.67","2,639.40"
5-3-18,"2,682.87","2,612.67","2,635.67"
5-10-18,"2,701.27","2,594.62","2,697.79"
5-17-18,"2,742.10","2,674.14","2,722.46"
5-24-18,"2,742.24","2,709.18","2,733.29"
5-31-18,"2,742.24","2,676.81","2,724.01"
6-7-18,"2,772.39","2,700.68","2,772.35"
6-14-18,"2,791.47","2,748.46","2,775.63"
6-21-18,"2,791.47","2,743.19","2,767.32"
6-28-18,"2,774.86","2,698.67","2,699.63"
7-5-18,"2,746.09","2,691.99","2,713.22"
7-12-18,"2,795.58","2,711.16","2,774.02"
7-19-18,"2,816.76","2,770.77","2,815.62"
7-26-18,"2,848.03","2,795.14","2,846.07"
8-2-18,"2,848.03","2,798.11","2,813.36"
8-9-18,"2,863.43","2,796.34","2,857.70"
8-16-18,"2,862.48","2,802.49","2,818.37"
8-23-18,"2,873.23","2,802.49","2,861.82"
8-30-18,"2,916.50","2,854.03","2,914.04"
9-6-18,"2,916.50","2,876.92","2,888.60"
9-13-18,"2,894.65","2,864.12","2,888.92"
9-20-18,"2,912.36","2,879.20","2,907.95"
9-27-18,"2,940.91","2,903.28","2,905.97"
10-4-18,"2,939.86","2,903.28","2,925.51"
10-11-18,"2,939.86","2,784.86","2,785.68"
10-18-18,"2,874.02","2,710.51","2,809.21"
10-25-18,"2,816.94","2,651.89","2,656.10"
11-1-18,"2,742.59","2,603.54","2,711.74"
11-8-18,"2,815.15","2,700.44","2,813.89"
11-15-18,"2,815.15","2,685.75","2,701.58"
11-22-18,"2,746.80","2,631.52","2,649.93"
11-29-18,"2,744.00","2,631.09","2,743.79"
12-6-18,"2,800.18","2,655.89","2,700.06"
12-13-18,"2,785.93","2,583.23","2,651.07"
12-20-18,"2,685.44","2,488.96","2,506.96"
12-27-18,"2,585.29","2,346.58","2,467.70"
1-3-19,"2,520.27","2,346.58","2,510.03"
1-10-19,"2,595.32","2,443.96","2,584.96"
1-17-19,"2,625.76","2,562.02","2,616.10"
1-24-19,"2,675.47","2,585.10","2,638.70"
1-31-19,"2,690.44","2,612.86","2,681.05"
2-7-19,"2,738.98","2,648.34","2,731.61"
2-14-19,"2,761.85","2,681.83","2,753.03"
2-21-19,"2,787.33","2,703.79","2,779.76"
2-28-19,"2,795.76","2,764.55","2,792.38"
3-7-19,"2,816.88","2,767.66","2,771.45"
3-14-19,"2,821.24","2,722.27","2,810.92"
3-21-19,"2,852.42","2,799.78","2,824.23"
3-28-19,"2,860.31","2,785.02","2,805.37"
4-4-19,"2,885.25","2,787.72","2,873.40"
4-11-19,"2,895.95","2,865.17","2,888.21"
4-18-19,"2,918.00","2,879.13","2,900.45"
4-25-19,"2,936.83","2,891.90","2,927.25"
5-2-19,"2,954.13","2,912.84","2,923.73"
5-9-19,"2,954.13","2,862.60","2,879.42"
5-16-19,"2,897.96","2,801.43","2,850.96"
5-23-19,"2,892.15","2,815.08","2,856.27"
5-30-19,"2,868.88","2,766.06","2,783.02"
6-6-19,"2,827.28","2,728.81","2,826.15"
6-13-19,"2,910.61","2,800.92","2,879.84"
6-20-19,"2,931.74","2,874.68","2,926.46"
6-27-19,"2,964.15","2,911.43","2,913.78"
7-3-19,"2,995.84","2,912.99","2,995.82"
7-11-19,"3,002.98","2,955.92","2,993.07"
7-18-19,"3,017.80","2,984.25","2,984.42"
7-25-19,"3,019.59","2,973.09","3,019.56"
8-1-19,"3,027.98","2,958.08","2,980.38"
8-8-19,"3,017.40","2,822.12","2,883.98"
8-15-19,"2,943.31","2,825.71","2,840.60"
8-22-19,"2,931.00","2,825.51","2,924.43"
8-29-19,"2,939.08","2,834.97","2,887.94"
9-5-19,"2,940.43","2,853.05","2,937.78"
9-12-19,"3,000.93","2,921.86","3,000.93"
9-19-19,"3,020.74","2,975.31","3,006.73"
9-26-19,"3,021.99","2,952.86","2,984.87"
10-3-19,"2,992.53","2,874.93","2,887.61"
10-10-19,"2,959.75","2,855.94","2,919.40"
10-17-19,"3,003.28","2,907.41","2,989.69"
10-24-19,"3,014.57","2,976.31","3,004.52"
10-31-19,"3,050.10","2,991.21","3,046.77"
11-7-19,"3,085.20","3,023.19","3,076.78"
11-14-19,"3,102.61","3,065.89","3,094.04"
11-21-19,"3,127.64","3,078.80","3,108.46"
11-29-19,"3,154.26","3,091.41","3,153.63"
12-5-19,"3,154.26","3,070.33","3,112.76"
12-12-19,"3,150.60","3,102.53","3,141.63"
12-19-19,"3,198.48","3,133.21","3,191.14"
12-26-19,"3,227.78","3,191.03","3,223.38"
1-2-20,"3,247.93","3,212.03","3,230.78"
1-9-20,"3,267.07","3,212.03","3,253.05"
1-16-20,"3,298.66","3,236.67","3,289.29"
1-23-20,"3,337.77","3,277.19","3,321.75"
1-30-20,"3,337.77","3,234.50","3,273.40"
2-6-20,"3,337.58","3,214.68","3,334.69"
2-13-20,"3,381.47","3,313.75","3,379.45"
2-20-20,"3,393.52","3,352.72","3,386.15"
2-27-20,"3,393.52","3,108.99","3,116.39"
3-5-20,"3,136.72","2,855.84","3,130.12"
3-12-20,"3,130.97","2,707.22","2,741.38"
3-19-20,"2,825.60","2,280.52","2,398.10"
3-26-20,"2,571.42","2,191.86","2,475.56"
4-2-20,"2,641.39","2,407.53","2,470.50"
4-9-20,"2,760.75","2,447.49","2,749.98"
4-16-20,"2,851.85","2,657.67","2,783.36"
4-23-20,"2,879.22","2,727.10","2,799.31"
4-30-20,"2,954.86","2,775.95","2,939.51"
5-7-20,"2,954.86","2,797.85","2,848.42"
5-14-20,"2,945.82","2,793.15","2,820.00"
5-21-20,"2,980.29","2,766.64","2,971.61"
5-28-20,"3,036.25","2,922.35","3,036.13"
6-4-20,"3,130.94","2,969.75","3,122.87"
6-11-20,"3,223.27","3,090.41","3,190.14"
6-18-20,"3,223.27","2,965.66","3,113.49"
6-25-20,"3,155.53","3,032.13","3,050.33"
7-2-20,"3,128.44","2,999.74","3,115.86"
7-9-20,"3,184.15","3,047.83","3,169.94"
7-16-20,"3,238.28","3,115.70","3,226.56"
7-23-20,"3,279.32","3,198.59","3,276.02"
7-30-20,"3,279.99","3,200.05","3,258.44"
8-6-20,"3,330.77","3,204.13","3,327.77"
8-13-20,"3,387.89","3,317.37","3,380.35"
8-20-20,"3,399.54","3,355.46","3,374.85"
8-27-20,"3,481.07","3,354.69","3,478.73"
9-3-20,"3,588.11","3,444.15","3,580.84"
9-10-20,"3,588.11","3,329.27","3,398.96"
9-17-20,"3,428.92","3,310.47","3,385.49"
9-24-20,"3,428.92","3,229.10","3,236.92"
10-1-20,"3,393.56","3,209.45","3,363.00"
10-8-20,"3,431.56","3,323.69","3,419.44"
10-15-20,"3,549.85","3,384.56","3,488.67"
10-22-20,"3,527.94","3,419.93","3,435.56"
10-29-20,"3,466.46","3,268.89","3,271.03"
11-5-20,"3,486.25","3,233.94","3,443.44"
11-12-20,"3,645.99","3,405.17","3,572.66"
11-19-20,"3,623.11","3,405.17","3,567.79"
11-27-20,"3,642.31","3,543.84","3,629.65"
12-3-20,"3,678.45","3,594.39","3,669.01"
12-10-20,"3,712.39","3,644.84","3,672.82"
12-17-20,"3,712.39","3,633.40","3,701.17"
12-24-20,"3,726.70","3,636.48","3,690.01"
12-31-20,"3,756.12","3,676.16","3,732.04"
1-7-21,"3,783.04","3,662.71","3,748.14"
1-21-21,"3,859.75","3,749.62","3,851.85"
1-28-21,"3,870.90","3,732.48","3,750.77"
2-4-21,"3,847.51","3,694.12","3,830.17"
2-11-21,"3,931.50","3,816.68","3,909.88"
2-18-21,"3,950.43","3,884.94","3,931.33"
2-25-21,"3,924.30","3,911.13","3,924.30"
3-4-21,"3,837.96","3,817.26","3,837.20"
3-11-21,"3,917.35","3,885.73","3,898.81"
3-18-21,"3,953.50","3,947.41","3,952.17"
3-25-21,"3,887.14","3,864.63","3,881.20"
4-1-21,"4,013.04","4,013.04","4,013.04"
4-8-21,"4,093.87","4,089.89","4,091.04"
4-15-21,"4,151.69","4,120.87","4,124.66"
4-22-21,"4,170.46","4,160.11","4,162.43"
4-29-21,"4,218.78","4,190.08","4,195.55"
5-6-21,"4,186.64","4,147.33","4,181.27"
5-13-21,"4,134.73","4,056.88","4,063.04"
5-20-21,"4,140.01","4,121.97","4,137.60"
5-27-21,"4,212.82","4,201.94","4,211.36"
6-3-21,"4,204.39","4,167.93","4,201.56"
6-10-21,"4,249.74","4,167.93","4,238.53"
6-17-21,"4,257.16","4,202.45","4,214.42"
6-24-21,"4,268.67","4,164.40","4,265.79"
7-1-21,"4,302.43","4,256.97","4,297.50"
7-8-21,"4,361.88","4,300.73","4,358.13"
7-15-21,"4,392.37","4,329.79","4,369.21"
7-22-21,"4,375.09","4,322.53","4,358.69"
7-29-21,"4,422.73","4,350.06","4,400.64"
8-5-21,"4,429.97","4,373.00","4,402.66"
8-12-21,"4,449.44","4,408.86","4,442.41"
8-19-21,"4,473.26","4,397.59","4,400.27"
8-26-21,"4,501.71","4,367.73","4,496.19"
9-2-21,"4,537.36","4,468.99","4,524.09"
9-9-21,"4,545.85","4,493.95","4,514.07"
9-16-21,"4,529.90","4,435.46","4,480.70"
9-23-21,"4,471.52","4,305.91","4,395.64"
9-30-21,"4,465.40","4,346.33","4,359.46"
10-7-21,"4,382.55","4,278.94","4,363.55"
10-14-21,"4,429.97","4,329.92","4,363.80"
10-21-21,"4,540.87","4,386.75","4,536.19"
10-27-21,"4,598.53","4,524.00","4,551.68"
11-4-21,"4,683.00","4,562.84","4,660.57"
11-11-21,"4,718.50","4,630.86","4,646.05"
11-18-21,"4,714.95","4,648.31","4,688.67"
11-24-21,"4,743.83","4,652.66","4,690.70"
12-2-21,"4,672.95","4,504.73","4,513.04"
12-9-21,"4,705.06","4,540.51","4,701.21"
12-16-21,"4,731.40","4,606.52","4,709.85"
12-23-21,"4,721.82","4,531.10","4,696.56"
12-30-21,"4,807.02","4,703.96","4,793.06"
1-6-22,"4,818.62","4,699.44","4,700.58"
1-13-22,"4,748.83","4,638.27","4,726.35"
1-20-22,"4,602.11","4,547.35","4,532.76"
1-27-22,"4,453.23","4,222.62","4,349.93"
2-3-22,"4,595.31","4,292.46","4,589.38"
2-10-22,"4,590.03","4,483.87","4,587.18"
2-17-22,"4,526.33","4,364.84","4,475.01"
2-24-22,"4,394.60","4,114.65","4,225.50"
3-3-22,"4,416.78","4,279.54","4,386.54"
3-10-22,"4,342.12","4,157.87","4,277.88"
3-17-22,"4,371.97","4,161.72","4,357.86"
3-24-22,"4,522.00","4,390.57","4,456.24"
3-31-22,"4,637.30","4,501.07","4,602.45"
4-7-22,"4,593.45","4,450.04","4,481.15"
4-14-22,"4,520.41","4,381.34","4,446.59"
4-21-22,"4,512.94","4,370.30","4,459.45"
4-28-22,"4,385.83","4,162.90","4,183.96"
5-5-22,"4,307.66","4,194.75","4,300.17"
5-12-22,"4,157.69","3,877.04","3,935.18"
5-19-22,"4,090.72","3,891.42","3,923.68"
5-26-22,"3,999.33","3,810.32","3,978.73"
6-2-22,"4,168.34","3,984.60","4,101.23"
6-9-22,"4,147.12","4,074.37","4,115.77"
6-16-22,"4,119.10","3,705.68","3,789.99"
6-23-22,"3,801.79","3,636.87","3,759.89"
6-30-22,"3,945.86","3,743.52","3,818.83"
7-7-22,"3,918.50","3,742.06","3,899.38"
7-14-22,"3,880.94","3,759.07","3,801.78"
7-21-22,"3,974.13","3,818.63","3,959.90"
7-28-22,"4,039.56","3,910.74","4,023.61"
8-4-22,"4,167.66","4,079.81","4,155.17"
8-11-22,"4,211.03","4,112.09","4,210.24"
8-18-22,"4,325.28","4,253.08","4,274.04"
8-25-22,"4,195.08","4,119.97","4,140.77"
9-1-22,"4,062.99","3,954.53","3,955.00"
9-8-22,"3,987.89","3,886.75","3,979.87"
9-15-22,"4,119.28","3,912.18","3,946.01"
9-22-22,"3,907.07","3,789.49","3,789.93"
9-29-22,"3,736.74","3,623.29","3,719.04"
10-6-22,"3,790.93","3,585.62","3,783.28"
10-13-22,"3,790.93","3,585.62","3,783.28"
10-20-22,"3,719.98","3,491.58","3,695.16"
10-27-22,"3,859.11","3,665.78","3,830.60"
11-3-22,"3,911.79","3,758.68","3,759.69"
11-10-22,"3,859.40","3,698.15","3,748.57"
11-17-22,"4,028.84","3,859.89","3,958.79"
11-24-22,"4,033.78","3,906.54","4,027.26"
12-1-22,"4,080.11","3,937.65","4,080.11"
12-8-22,"4,100.51","3,918.39","3,933.92"
12-15-22,"4,100.96","3,974.19","3,995.32"
12-22-22,"3,958.37","3,795.62","3,878.44"
12-29-22,"3,853.26","3,764.49","3,783.22"
1-5-23,"3,878.46","3,794.33","3,852.97"
1-12-23,"3,970.07","3,802.42","3,969.61"
1-19-23,"4,015.39","3,926.59","3,928.86"
1-26-23,"4,039.31","3,885.54","4,016.22"
2-2-23,"4,148.95","4,017.77","4,119.21"
2-9-23,"4,195.44","4,088.39","4,117.86"
2-16-23,"4,159.77","4,069.67","4,147.60"
2-23-23,"4,136.54","3,997.34","3,997.34"
3-2-23,"4,028.30","3,939.05","3,951.39"
3-9-23,"4,078.49","3,928.16","3,986.37"
3-16-23,"4,017.81","3,808.86","3,891.93"
3-23-23,"4,039.49","3,864.11","3,960.28"
3-30-23,"4,057.85","4,032.10","4,050.83"
4-6-23,"4,085.56","4,077.53","4,077.53"
4-13-23,"4,120.43","4,099.40","4,114.76"
4-20-23,"4,169.48","4,099.40","4,154.52"
4-27-23,"4,089.67","4,049.35","4,055.99"
5-4-23,"4,148.30","4,088.86","4,090.75"
5-11-23,"4,148.30","4,088.86","4,090.75"
5-18-23,"4,164.67","4,113.62","4,158.77"
5-25-23,"4,132.96","4,103.98","4,115.24"
6-1-23,"4,195.44","4,166.15","4,179.83"
6-8-23,"4,299.19","4,263.96","4,267.52"
6-15-23,"4,391.82","4,337.95","4,372.59"
6-22-23,"4,386.22","4,360.14","4,365.69"
6-29-23,"4,367.48","4,360.22","4,376.86"
7-6-23,"4,454.06","4,436.61","4,446.82"
7-13-23,"4,488.34","4,463.23","4,472.16"
7-20-23,"4,578.43","4,489.36","4,565.72"
7-27-23,"4,582.47","4,527.56","4,566.75"
8-3-23,"4,607.07","4,505.75","4,513.39"
8-10-23,"4,540.34","4,461.33","4,467.71"
8-17-23,"4,527.37","4,403.55","4,404.33"
8-24-23,"4,443.18","4,335.31","4,436.01"
8-31-23,"4,521.65","4,356.29","4,514.87"
9-7-23,"4,514.29","4,442.38","4,465.48"
9-14-23,"4,490.77","4,430.46","4,467.44"
9-21-23,"4,511.99","4,401.38","4,402.20"
9-28-23,"4,375.70","4,238.63","4,274.51"
10-5-23,"4,333.15","4,216.45","4,263.75"
10-12-23,"4,385.46","4,219.55","4,376.95"
10-19-23,"4,393.57","4,303.84","4,314.60"
10-26-23,"4,339.54","4,181.42","4,186.77"
11-2-23,"4,245.64","4,103.78","4,237.86"
11-9-23,"4,391.20","4,268.26","4,382.78"
11-16-23,"4,521.17","4,343.94","4,502.88"
11-23-23,"4,568.43","4,487.83","4,556.62"
11-30-23,"4,587.64","4,540.51","4,550.58"
12-7-23,"4,590.74","4,546.50","4,549.34"
12-14-23,"4,709.69","4,565.22","4,707.09"
12-21-23,"4,778.01","4,694.34","4,698.35"
12-28-23,"4,785.39","4,708.35","4,781.58"
1-4-24,"4,793.30","4,699.71","4,704.81"
1-11-24,"4,790.80","4,682.11","4,783.45"
1-18-24,"4,802.40","4,714.82","4,739.21"
1-25-24,"4,903.68","4,740.57","4,868.55"
2-1-24,"4,931.09","4,845.15","4,845.65"
2-8-24,"4,999.89","4,853.52","4,995.06"
2-15-24,"5,048.39","4,920.31","5,000.62"
2-22-24,"5,038.70","4,946.00","4,981.80"
2-29-24,"5,097.66","5,038.83","5,069.76"
3-7-24,"5,149.67","5,056.82","5,104.76"
3-14-24,"5,189.26","5,091.14","5,165.31"
3-21-24,"5,226.19","5,104.35","5,224.62"
3-28-24,"5,261.10","5,203.42","5,248.49"
4-4-24,"5,264.85","5,184.05","5,211.49"
4-11-24,"5,222.18","5,188.70","5,160.64"
4-18-24,"5,175.03","5,007.25","5,022.21"
4-25-24,"5,089.48","4,953.56","5,071.63"
5-2-24,"5,123.49","4,990.58","5,018.39"
5-9-24,"5,200.23","5,011.05","5,187.67"
5-16-24,"5,311.76","5,180.41","5,308.15"
5-23-24,"5,325.49","5,283.59","5,307.01"
5-30-24,"5,341.88","5,256.93","5,266.95"
6-6-24,"5,354.16","5,191.68","5,354.03"
6-13-24,"5,447.25","5,327.25","5,421.03"
6-20-24,"5,490.38","5,402.51","5,487.03"
6-27-24,"5,505.53","5,446.56","5,477.90"
7-4-24,"5,539.27","5,446.53","5,537.02"
7-11-24,"5,590.75","5,531.63","5,633.91"
7-18-24,"5,669.67","5,576.53","5,588.27"
7-25-24,"5,614.05","5,419.98","5,427.13"
8-1-24,"5,551.51","5,390.95","5,522.30"
8-8-24,"5,566.16","5,119.26","5,199.50"
8-15-24,"5,462.22","5,233.85","5,455.21"
8-22-24,"5,632.68","5,525.17","5,620.85"
8-29-24,"5,651.62","5,585.16","5,625.80"
9-5-24,"5,651.37","5,503.66","5,520.07"
9-12-24,"5,560.41","5,402.62","5,554.13"
9-19-24,"5,689.75","5,535.50","5,618.26"
9-26-24,"5,741.03","5,674.49","5,722.26"
10-3-24,"5,765.14","5,674.00","5,709.54"
10-10-24,"5,796.80","5,686.85","5,792.04"
10-18-24,"5,871.41","5,775.09","5,842.47"
10-24-24,"5,878.46","5,762.41","5,797.42"